0xc54d7acf14de29e0e5527cabd7a576506870346a78a11a6762e2cca66322ec41,0xC02aaA39b223FE8D0A0e5C4F27eAD9083C756Cc2,0x7f39C581F595B53c5cb19bD0b3f8dA6c935E2Ca0,0x2a01EB9496094dA03c4E364Def50f5aD1280AD72,0x870aC11D48B15DB9a138Cf899d20F13F79Ba00BC,945000000000000000,2024-01-02 14:13:35.000000,2024-01-02 14:13:35.000000
0x54efdee08e272e929034a8f26f7ca34b1ebe364b275391169b28c6d7db24dbc8,0xA0b86991c6218b36c1d19D4a2e9Eb0cE3606eB48,0x0000000000000000000000000000000000000000,0x0000000000000000000000000000000000000000,0x0000000000000000000000000000000000000000,0,2024-01-02 15:00:35.000000,2024-01-02 15:00:35.000000
0x58e212060645d18eab6d9b2af3d56fbc906a92ff5667385f616f662c70372284,0xC02aaA39b223FE8D0A0e5C4F27eAD9083C756Cc2,0x0000000000000000000000000000000000000000,0x0000000000000000000000000000000000000000,0x0000000000000000000000000000000000000000,0,2024-01-02 15:00:59.000000,2024-01-02 15:00:59.000000
0x08535810feadf52d61a182dc7a12ba78f9b38a829ee477e0e1d488d4e262bc0a,0xA0b86991c6218b36c1d19D4a2e9Eb0cE3606eB48,0xABC56186c2Df63C338E04C9C9B9814E27983a5a9,0x6E8F5b2DF218443E87fe8aA9811E6956716dde88,0x870aC11D48B15DB9a138Cf899d20F13F79Ba00BC,965000000000000000,2024-01-03 11:12:47.000000,2024-01-03 11:12:47.000000
0xb323495f7e4148be5643a4ea4a8221eef163e4bccfdedc2a6f4696baacbc86cc,0xA0b86991c6218b36c1d19D4a2e9Eb0cE3606eB48,0x7f39C581F595B53c5cb19bD0b3f8dA6c935E2Ca0,0x48F7E36EB6B826B2dF4B2E630B62Cd25e89E40e2,0x870aC11D48B15DB9a138Cf899d20F13F79Ba00BC,860000000000000000,2024-01-03 11:21:59.000000,2024-01-03 11:21:59.000000
0x495130878b7d2f1391e21589a8bcaef22cbc7e1fbbd6866127193b3cc239d8b1,0xA0b86991c6218b36c1d19D4a2e9Eb0cE3606eB48,0xcA2A7068e551d5C4482eb34880b194E4b945712F,0x6E8F5b2DF218443E87fe8aA9811E6956716dde88,0x870aC11D48B15DB9a138Cf899d20F13F79Ba00BC,965000000000000000,2024-01-09 19:23:47.000000,2024-01-09 19:23:47.000000
0x1500bf50feba561f004d35c7695d96d685fa117c4985b91a75885c4aa24b6ceb,0x7f39C581F595B53c5cb19bD0b3f8dA6c935E2Ca0,0xC02aaA39b223FE8D0A0e5C4F27eAD9083C756Cc2,0x6F234Ff075B35312756A6B0a19DDb55Ff683E59d,0x870aC11D48B15DB9a138Cf899d20F13F79Ba00BC,945000000000000000,2024-01-11 10:00:59.000000,2024-01-11 10:00:59.000000
0x3a85e619751152991742810df6ec69ce473daef99e28a64ab2340d7b7ccfee49,0xA0b86991c6218b36c1d19D4a2e9Eb0cE3606eB48,0x2260FAC5E5542a773Aa44fBCfeDf7C193bc2C599,0xDddd770BADd886dF3864029e4B377B5F6a2B6b83,0x870aC11D48B15DB9a138Cf899d20F13F79Ba00BC,860000000000000000,2024-01-17 09:36:11.000000,2024-01-17 09:36:11.000000
0x7dde86a1e94561d9690ec678db673c1a6396365f7d1d65e129c5fff0990ff758,0xA0b86991c6218b36c1d19D4a2e9Eb0cE3606eB48,0xC02aaA39b223FE8D0A0e5C4F27eAD9083C756Cc2,0xdC6fd5831277c693b1054e19E94047cB37c77615,0x870aC11D48B15DB9a138Cf899d20F13F79Ba00BC,860000000000000000,2024-01-17 09:36:59.000000,2024-01-17 09:36:59.000000
0xf9acc677910cc17f650416a22e2a14d5da7ccb9626db18f1bf94efe64f92b372,0xA0b86991c6218b36c1d19D4a2e9Eb0cE3606eB48,0xC02aaA39b223FE8D0A0e5C4F27eAD9083C756Cc2,0xdC6fd5831277c693b1054e19E94047cB37c77615,0x870aC11D48B15DB9a138Cf899d20F13F79Ba00BC,915000000000000000,2024-01-17 09:37:47.000000,2024-01-17 09:37:47.000000
0x06f2842602373d247c4934f7656e513955ccc4c377f0febc0d9ca2c3bcc191b1,0xA0b86991c6218b36c1d19D4a2e9Eb0cE3606eB48,0x83F20F44975D03b1b09e64809B757c47f942BEeA,0x6CAFE228eC0B0bC2D076577d56D35Fe704318f6d,0x870aC11D48B15DB9a138Cf899d20F13F79Ba00BC,965000000000000000,2024-01-19 20:26:23.000000,2024-01-19 20:26:23.000000
0xe7399fdebc318d76dfec7356caafcf8cd4b91287e139a3ec423f09aeeb656fc4,0xA0b86991c6218b36c1d19D4a2e9Eb0cE3606eB48,0x6B175474E89094C44Da98b954EedeAC495271d0F,0x50537098C66075f62E1234e6F9a394111d5D22ed,0x870aC11D48B15DB9a138Cf899d20F13F79Ba00BC,860000000000000000,2024-01-27 18:19:35.000000,2024-01-27 18:19:35.000000
0x90f336c58b38a736508e12102b09b58edbb8fb3b149b380e441d45992d3c7b58,0xC02aaA39b223FE8D0A0e5C4F27eAD9083C756Cc2,0xCd5fE23C85820F7B72D0926FC9b05b43E359b7ee,0xf0b45bf9C58245Ca4E978810E72B3f18A3f0A68d,0x870aC11D48B15DB9a138Cf899d20F13F79Ba00BC,860000000000000000,2024-01-30 12:07:59.000000,2024-01-30 12:07:59.000000
0xd5211d0e3f4a30d5c98653d988585792bb7812221f04801be73a44ceecb11e89,0xC02aaA39b223FE8D0A0e5C4F27eAD9083C756Cc2,0xf1C9acDc66974dFB6dEcB12aA385b9cD01190E38,0x224F2F1333b45E34fFCfC3bD01cE43C73A914498,0x870aC11D48B15DB9a138Cf899d20F13F79Ba00BC,860000000000000000,2024-01-30 12:07:59.000000,2024-01-30 12:07:59.000000
0x8c2df0d6f57680fafe2934db29e53c91e66238dbcbaeed8e5467d7c0f932cd45,0xA0b86991c6218b36c1d19D4a2e9Eb0cE3606eB48,0x21728dD7bC8e643667331643dC5f7E300F351E72,0x1Fe972c50a5056f33040C6a01e1758b1171CF0bf,0x870aC11D48B15DB9a138Cf899d20F13F79Ba00BC,980000000000000000,2024-01-30 15:32:11.000000,2024-01-30 15:32:11.000000
0x698fe98247a40c5771537b5786b2f3f9d78eb487b4ce4d75533cd0e94d88a115,0xC02aaA39b223FE8D0A0e5C4F27eAD9083C756Cc2,0xCd5fE23C85820F7B72D0926FC9b05b43E359b7ee,0x3fa58b74e9a8eA8768eb33c8453e9C2Ed089A40a,0x870aC11D48B15DB9a138Cf899d20F13F79Ba00BC,860000000000000000,2024-01-30 16:14:59.000000,2024-01-30 16:14:59.000000
0x5c6aaf2dfecf6b2d60ef4ee8192b83c53ade0b35cb8e7f763a83a30db10502d1,0xdAC17F958D2ee523a2206206994597C13D831ec7,0x0000000000000000000000000000000000000000,0x0000000000000000000000000000000000000000,0x0000000000000000000000000000000000000000,0,2024-01-31 19:39:23.000000,2024-01-31 19:39:23.000000
0x608929d6de2a10bacf1046ff157ae38df5b9f466fb89413211efb8f63c63833a,0xdAC17F958D2ee523a2206206994597C13D831ec7,0xC02aaA39b223FE8D0A0e5C4F27eAD9083C756Cc2,0xe9eE579684716c7Bb837224F4c7BeEfA4f1F3d7f,0x870aC11D48B15DB9a138Cf899d20F13F79Ba00BC,860000000000000000,2024-01-31 19:39:23.000000,2024-01-31 19:39:23.000000
0xdbffac82c2dc7e8aa781bd05746530b0068d80929f23ac1628580e27810bc0c5,0xdAC17F958D2ee523a2206206994597C13D831ec7,0xC02aaA39b223FE8D0A0e5C4F27eAD9083C756Cc2,0xe9eE579684716c7Bb837224F4c7BeEfA4f1F3d7f,0x870aC11D48B15DB9a138Cf899d20F13F79Ba00BC,915000000000000000,2024-01-31 19:39:23.000000,2024-01-31 19:39:23.000000
0xa921ef34e2fc7a27ccc50ae7e4b154e16c9799d3387076c421423ef52ac4df99,0xdAC17F958D2ee523a2206206994597C13D831ec7,0x2260FAC5E5542a773Aa44fBCfeDf7C193bc2C599,0x008bF4B1cDA0cc9f0e882E0697f036667652E1ef,0x870aC11D48B15DB9a138Cf899d20F13F79Ba00BC,860000000000000000,2024-01-31 19:39:23.000000,2024-01-31 19:39:23.000000
0xe7e9694b754c4d4f7e21faf7223f6fa71abaeb10296a4c43a54a7977149687d2,0xdAC17F958D2ee523a2206206994597C13D831ec7,0x7f39C581F595B53c5cb19bD0b3f8dA6c935E2Ca0,0x95DB30fAb9A3754e42423000DF27732CB2396992,0x870aC11D48B15DB9a138Cf899d20F13F79Ba00BC,860000000000000000,2024-01-31 19:39:23.000000,2024-01-31 19:39:23.000000
0xeb809769a0ea3fe0a405b94dbcaf1940c9d2cb1546d175cbc6898bfde817801a,0x57F5E098CaD7A3D1Eed53991D4d66C45C9AF7812,0x0000000000000000000000000000000000000000,0x0000000000000000000000000000000000000000,0x0000000000000000000000000000000000000000,0,2024-02-04 19:25:11.000000,2024-02-04 19:25:11.000000
0xf8c13c80ab8666c21fc5afa13105745cae7c1da13df596eb5054319f36655cc9,0x6c3ea9036406852006290770BEdFcAbA0e23A0e8,0x0000000000000000000000000000000000000000,0x0000000000000000000000000000000000000000,0x0000000000000000000000000000000000000000,0,2024-02-04 19:25:11.000000,2024-02-04 19:25:11.000000
0x124ddf1fa02a94085d1fcc35c46c7e180ddb8a0d3ec1181cf67a75341501c9e6,0x6c3ea9036406852006290770BEdFcAbA0e23A0e8,0x7f39C581F595B53c5cb19bD0b3f8dA6c935E2Ca0,0x27679a17b7419fB10Bd9D143f21407760fdA5C53,0x870aC11D48B15DB9a138Cf899d20F13F79Ba00BC,860000000000000000,2024-02-04 19:25:11.000000,2024-02-04 19:25:11.000000
0xc576cddfd1ee8332d683417548801d6835fa15fb2332a647452248987a8eded3,0x6c3ea9036406852006290770BEdFcAbA0e23A0e8,0xcA2A7068e551d5C4482eb34880b194E4b945712F,0xf71C9A825E7da621d6C1BfaFdcad80a78642Cb40,0x870aC11D48B15DB9a138Cf899d20F13F79Ba00BC,965000000000000000,2024-02-04 19:25:11.000000,2024-02-04 19:25:11.000000
0xae1839e7d779b32e91e2128405525b7f38478f38fed74b9a4795e8ed952592b7,0xdAC17F958D2ee523a2206206994597C13D831ec7,0xcA2A7068e551d5C4482eb34880b194E4b945712F,0xC890f55Ef93A0E798D4B9a022252Ae2781047524,0x870aC11D48B15DB9a138Cf899d20F13F79Ba00BC,965000000000000000,2024-02-04 19:25:11.000000,2024-02-04 19:25:11.000000
0xf213843ac8ce2c8408182fc80c9e8f9911b420cce24adec8ea105ae44de087ad,0xdAC17F958D2ee523a2206206994597C13D831ec7,0x83F20F44975D03b1b09e64809B757c47f942BEeA,0x7538C68d863b28E34b986C1E8daFEDa31D824923,0x870aC11D48B15DB9a138Cf899d20F13F79Ba00BC,965000000000000000,2024-02-04 19:25:11.000000,2024-02-04 19:25:11.000000
0x3c83f77bde9541f8d3d82533b19bbc1f97eb2f1098bb991728acbfbede09cc5d,0xC02aaA39b223FE8D0A0e5C4F27eAD9083C756Cc2,0xae78736Cd615f374D3085123A210448E74Fc6393,0x1b4A3F92e5Fffd1d35A98751c9FE4472483579bB,0x870aC11D48B15DB9a138Cf899d20F13F79Ba00BC,945000000000000000,2024-02-07 15:22:35.000000,2024-02-07 15:22:35.000000
0xab5423d55497b642df74011621b4c72a3c9b446e8800cf988644bcdbd747d58f,0x3231Cb76718CDeF2155FC47b5286d82e6eDA273f,0x95D7337d43340E2721960Dc402D9b9117f0d81a2,0xFf3b8bA537BC156e38dE00b1465EB174ae31d799,0x870aC11D48B15DB9a138Cf899d20F13F79Ba00BC,980000000000000000,2024-02-10 14:30:11.000000,2024-02-10 14:30:11.000000
0x3558ed8709ed89fc50b173e6aaa0fb5a9b5cc8af2f3bb4bfcd4e46fdc27e8a53,0x6c3ea9036406852006290770BEdFcAbA0e23A0e8,0x2260FAC5E5542a773Aa44fBCfeDf7C193bc2C599,0xFE44dc5afA1d302DCc4f71A8Ae3e5bb8cc04EC3b,0x870aC11D48B15DB9a138Cf899d20F13F79Ba00BC,860000000000000000,2024-02-15 19:29:23.000000,2024-02-15 19:29:23.000000
0x9337a95dcb09d10abb33fdb955dd27b46e345f5510d54d9403f570f8f37b5983,0x6c3ea9036406852006290770BEdFcAbA0e23A0e8,0x2260FAC5E5542a773Aa44fBCfeDf7C193bc2C599,0xc53c90d6E9A5B69E4ABf3d5Ae4c79225C7FeF3d2,0x870aC11D48B15DB9a138Cf899d20F13F79Ba00BC,860000000000000000,2024-02-16 10:14:47.000000,2024-02-16 10:14:47.000000
0xefcc25ddfb12eec31cc3fd568ed04b4eb568a332600df308d09dbda248edf72e,0xC02aaA39b223FE8D0A0e5C4F27eAD9083C756Cc2,0x83F20F44975D03b1b09e64809B757c47f942BEeA,0x89064883cf21BD8977fCfFd326E75805dc47b3d9,0x870aC11D48B15DB9a138Cf899d20F13F79Ba00BC,860000000000000000,2024-02-20 08:38:35.000000,2024-02-20 08:38:35.000000
0xd19c4f07a617e10dcaf899abfd88c8b6cb061863bdd4b421ff04ef2977dcc00c,0x3231Cb76718CDeF2155FC47b5286d82e6eDA273f,0x0000000000000000000000000000000000000000,0x0000000000000000000000000000000000000000,0x0000000000000000000000000000000000000000,0,2024-02-25 12:19:11.000000,2024-02-25 12:19:11.000000
0x49bb2d114be9041a787432952927f6f144f05ad3e83196a7d062f374ee11d0ee,0xC02aaA39b223FE8D0A0e5C4F27eAD9083C756Cc2,0xbf5495Efe5DB9ce00f80364C8B423567e58d2110,0x61025e2B0122ac8bE4e37365A4003d87ad888Cc3,0x870aC11D48B15DB9a138Cf899d20F13F79Ba00BC,860000000000000000,2024-02-26 13:04:23.000000,2024-02-26 13:04:23.000000
0x70014ba4411257948ddbe73fc1d65056721c31a583fc1ead7fba4c57b5e9790d,0xA0b86991c6218b36c1d19D4a2e9Eb0cE3606eB48,0x9f8F72aA9304c8B593d555F12eF6589cC3A579A2,0x6686788B4315A4F93d822c1Bf73910556FCe2d5a,0x870aC11D48B15DB9a138Cf899d20F13F79Ba00BC,625000000000000000,2024-03-08 19:55:59.000000,2024-03-08 19:55:59.000000
0x6dd2c4f44111a54f4de7919ac33b3038dd03df491e8c6e77a4363ae0d6e8a872,0xA0b86991c6218b36c1d19D4a2e9Eb0cE3606eB48,0x9f8F72aA9304c8B593d555F12eF6589cC3A579A2,0x6686788B4315A4F93d822c1Bf73910556FCe2d5a,0x870aC11D48B15DB9a138Cf899d20F13F79Ba00BC,385000000000000000,2024-03-09 01:38:47.000000,2024-03-09 01:38:47.000000
0x97bb820669a19ba5fa6de964a466292edd67957849f9631eb8b830c382f58b7f,0xA0b86991c6218b36c1d19D4a2e9Eb0cE3606eB48,0x9f8F72aA9304c8B593d555F12eF6589cC3A579A2,0x6686788B4315A4F93d822c1Bf73910556FCe2d5a,0x870aC11D48B15DB9a138Cf899d20F13F79Ba00BC,770000000000000000,2024-03-09 01:41:35.000000,2024-03-09 01:41:35.000000
0xb1eac1c0f3ad13fb45b01beac8458c055c903b1bff8cb882346635996a774f77,0x6B175474E89094C44Da98b954EedeAC495271d0F,0x83F20F44975D03b1b09e64809B757c47f942BEeA,0x9d4eb56E054e4bFE961F861E351F606987784B65,0x870aC11D48B15DB9a138Cf899d20F13F79Ba00BC,980000000000000000,2024-03-09 16:53:11.000000,2024-03-09 16:53:11.000000
0x4ebe73200ef920f3b0fbbaf7d9b2472538d650efed4b171a24a4f0b7ca339388,0x6B175474E89094C44Da98b954EedeAC495271d0F,0x7f39C581F595B53c5cb19bD0b3f8dA6c935E2Ca0,0x51bB52307882A6B0d87558b7955902e76cE03cF5,0x870aC11D48B15DB9a138Cf899d20F13F79Ba00BC,860000000000000000,2024-03-10 11:51:59.000000,2024-03-10 11:51:59.000000
0x578996c3c3ac4f100c4284b5c239673b04840e07945d04b681763c7b3401997c,0x6B175474E89094C44Da98b954EedeAC495271d0F,0x9f8F72aA9304c8B593d555F12eF6589cC3A579A2,0x20565E2B5633Dabc3f94FEfb573DfE956F6c435d,0x870aC11D48B15DB9a138Cf899d20F13F79Ba00BC,770000000000000000,2024-03-10 11:53:59.000000,2024-03-10 11:53:59.000000
0x3ccaeeefe263eb204e9bec7fdc88262aa8818b88c40e1b37fbf224ff274a9d08,0x6B175474E89094C44Da98b954EedeAC495271d0F,0x5A98FcBEA516Cf06857215779Fd812CA3beF1B32,0xf58E7127D2C036B95ac47e9A0739C3d4cBDA9000,0x870aC11D48B15DB9a138Cf899d20F13F79Ba00BC,770000000000000000,2024-03-10 11:54:47.000000,2024-03-10 11:54:47.000000
0x4a4485b1b7efcc440f9435dbf982fb4a428edf2e16549c75158fe8e125c9702d,0x57F5E098CaD7A3D1Eed53991D4d66C45C9AF7812,0x7f39C581F595B53c5cb19bD0b3f8dA6c935E2Ca0,0xE0adEFAe3C4115BFe7Dc29A172c5F46b4b5df621,0x870aC11D48B15DB9a138Cf899d20F13F79Ba00BC,860000000000000000,2024-03-10 17:33:35.000000,2024-03-10 17:33:35.000000
0xa36e440fbc54d7ed744ae4895b2729642a8be5d488cdd477c59b54afbb90b5bf,0x2260FAC5E5542a773Aa44fBCfeDf7C193bc2C599,0x0000000000000000000000000000000000000000,0x0000000000000000000000000000000000000000,0x0000000000000000000000000000000000000000,0,2024-03-11 12:03:11.000000,2024-03-11 12:03:11.000000
0x3197babfc8c9f0fd05fbd5b48e2c5b3d3eeec8277586c02f933a17f5e83e067a,0x2260FAC5E5542a773Aa44fBCfeDf7C193bc2C599,0x7f39C581F595B53c5cb19bD0b3f8dA6c935E2Ca0,0xAe12416c1F21B0698c27fe042D9309C83baC6597,0x870aC11D48B15DB9a138Cf899d20F13F79Ba00BC,860000000000000000,2024-03-11 12:08:23.000000,2024-03-11 12:08:23.000000
0x3bb29b62affbedc60b8446b235aaa349d5e3bad96c09bca1d7a2d693c06669aa,0xA0b86991c6218b36c1d19D4a2e9Eb0cE3606eB48,0x83F20F44975D03b1b09e64809B757c47f942BEeA,0x6CAFE228eC0B0bC2D076577d56D35Fe704318f6d,0x870aC11D48B15DB9a138Cf899d20F13F79Ba00BC,945000000000000000,2024-03-13 15:30:59.000000,2024-03-13 15:30:59.000000
0x1ca7ff6b26581fe3155f391f3960d32a033b5f7d537b1f1932b2021a6cf4f706,0xdAC17F958D2ee523a2206206994597C13D831ec7,0x83F20F44975D03b1b09e64809B757c47f942BEeA,0x7538C68d863b28E34b986C1E8daFEDa31D824923,0x870aC11D48B15DB9a138Cf899d20F13F79Ba00BC,945000000000000000,2024-03-13 15:30:59.000000,2024-03-13 15:30:59.000000
0x6d5ceaf737f6ed7f5972c46e87d359a77d36fffa484eeddf2f8188e1605fa9d4,0x0000206329b97DB379d5E1Bf586BbDB969C63274,0x2260FAC5E5542a773Aa44fBCfeDf7C193bc2C599,0x032F1C64899b2C89835E51aCeD9434b0aDEaA69d,0x870aC11D48B15DB9a138Cf899d20F13F79Ba00BC,860000000000000000,2024-03-13 17:05:47.000000,2024-03-13 17:05:47.000000
0x8bbd1763671eb82a75d5f7ca33a0023ffabdd9d1a3d4316f34753685ae988e80,0xC02aaA39b223FE8D0A0e5C4F27eAD9083C756Cc2,0x9Ba021B0a9b958B5E75cE9f6dff97C7eE52cb3E6,0x037D67A5E6F19d0Fb26A6603d2D4fE9d70eC3258,0x870aC11D48B15DB9a138Cf899d20F13F79Ba00BC,860000000000000000,2024-03-13 17:06:59.000000,2024-03-13 17:06:59.000000
0x074973eb292ffcb3cb22c71138eed4b2ad7030f5620918d41617609f8270aa4f,0x0000206329b97DB379d5E1Bf586BbDB969C63274,0x7f39C581F595B53c5cb19bD0b3f8dA6c935E2Ca0,0x032F1C64899b2C89835E51aCeD9434b0aDEaA69d,0x870aC11D48B15DB9a138Cf899d20F13F79Ba00BC,860000000000000000,2024-03-13 17:08:47.000000,2024-03-13 17:08:47.000000
0x423cb007534ac88febb8ce39f544ab303e8b757f8415ed891fc76550f8f4c965,0x0000206329b97DB379d5E1Bf586BbDB969C63274,0x7f39C581F595B53c5cb19bD0b3f8dA6c935E2Ca0,0xBC693693fDBB177Ad05ff38633110016BC043AC5,0x870aC11D48B15DB9a138Cf899d20F13F79Ba00BC,860000000000000000,2024-03-13 17:24:23.000000,2024-03-13 17:24:23.000000
0xdc5333039bcf15f1237133f74d5806675d83d9cf19cfd4cfdd9be674842651bf,0xdAC17F958D2ee523a2206206994597C13D831ec7,0x9D39A5DE30e57443BfF2A8307A4256c8797A3497,0xE47E36457D0cF83A74AE1e45382B7A044f7abd99,0x870aC11D48B15DB9a138Cf899d20F13F79Ba00BC,915000000000000000,2024-03-13 18:02:59.000000,2024-03-13 18:02:59.000000
0xcec858380cba2d9ca710fce3ce864d74c3f620d53826f69d08508902e09be86f,0xdAC17F958D2ee523a2206206994597C13D831ec7,0x4c9EDD5852cd905f086C759E8383e09bff1E68B3,0xAf5060C11D3E8325a8ECF84c07fAB7Ac2297A72d,0x870aC11D48B15DB9a138Cf899d20F13F79Ba00BC,915000000000000000,2024-03-13 18:02:59.000000,2024-03-13 18:02:59.000000
0xbe4c211adca4400078db69af91ea0df98401adb5959510ae99edd06fee5146f7,0xA0b86991c6218b36c1d19D4a2e9Eb0cE3606eB48,0xDD629E5241CbC5919847783e6C96B2De4754e438,0x6E8F5b2DF218443E87fe8aA9811E6956716dde88,0x870aC11D48B15DB9a138Cf899d20F13F79Ba00BC,980000000000000000,2024-03-13 19:43:35.000000,2024-03-13 19:43:35.000000
0x1929f8139224cb7d5db8c270addc9ce366d37ad279e1135f73c0adce74b0f936,0xC02aaA39b223FE8D0A0e5C4F27eAD9083C756Cc2,0x83F20F44975D03b1b09e64809B757c47f942BEeA,0x0f9bb760D76af1B5Ca89102084E1963F6698AFda,0x870aC11D48B15DB9a138Cf899d20F13F79Ba00BC,860000000000000000,2024-03-13 23:14:47.000000,2024-03-13 23:14:47.000000
0xe475337d11be1db07f7c5a156e511f05d1844308e66e17d2ba5da0839d3b34d9,0x6B175474E89094C44Da98b954EedeAC495271d0F,0x9D39A5DE30e57443BfF2A8307A4256c8797A3497,0x5D916980D5Ae1737a8330Bf24dF812b2911Aae25,0x870aC11D48B15DB9a138Cf899d20F13F79Ba00BC,945000000000000000,2024-03-14 14:44:23.000000,2024-03-14 14:44:23.000000
0x1247f1c237eceae0602eab1470a5061a6dd8f734ba88c7cdc5d6109fb0026b28,0x6B175474E89094C44Da98b954EedeAC495271d0F,0x9D39A5DE30e57443BfF2A8307A4256c8797A3497,0x5D916980D5Ae1737a8330Bf24dF812b2911Aae25,0x870aC11D48B15DB9a138Cf899d20F13F79Ba00BC,915000000000000000,2024-03-14 14:46:47.000000,2024-03-14 14:46:47.000000
0x39d11026eae1c6ec02aa4c0910778664089cdd97c3fd23f68f7cd05e2e95af48,0x6B175474E89094C44Da98b954EedeAC495271d0F,0x9D39A5DE30e57443BfF2A8307A4256c8797A3497,0x5D916980D5Ae1737a8330Bf24dF812b2911Aae25,0x870aC11D48B15DB9a138Cf899d20F13F79Ba00BC,860000000000000000,2024-03-14 14:47:23.000000,2024-03-14 14:47:23.000000
0x42dcfb38bb98767afb6e38ccf90d59d0d3f0aa216beb3a234f12850323d17536,0x6B175474E89094C44Da98b954EedeAC495271d0F,0x9D39A5DE30e57443BfF2A8307A4256c8797A3497,0x5D916980D5Ae1737a8330Bf24dF812b2911Aae25,0x870aC11D48B15DB9a138Cf899d20F13F79Ba00BC,770000000000000000,2024-03-14 14:48:11.000000,2024-03-14 14:48:11.000000
0x27dc2546042d49c948772a38432849a60fdb41f26af32fac42336f2278591296,0xC02aaA39b223FE8D0A0e5C4F27eAD9083C756Cc2,0x7f39C581F595B53c5cb19bD0b3f8dA6c935E2Ca0,0x3A7bB36Ee3f3eE32A60e9f2b33c1e5f2E83ad766,0x870aC11D48B15DB9a138Cf899d20F13F79Ba00BC,965000000000000000,2024-03-14 17:04:11.000000,2024-03-14 17:04:11.000000
0xb8fc70e82bc5bb53e773626fcc6a23f7eefa036918d7ef216ecfb1950a94a85e,0xC02aaA39b223FE8D0A0e5C4F27eAD9083C756Cc2,0x7f39C581F595B53c5cb19bD0b3f8dA6c935E2Ca0,0xbD60A6770b27E084E8617335ddE769241B0e71D8,0x870aC11D48B15DB9a138Cf899d20F13F79Ba00BC,965000000000000000,2024-03-14 17:21:59.000000,2024-03-14 17:21:59.000000
0xdb760246f6859780f6c1b272d47a8f64710777121118e56e0cdb4b8b744a3094,0x6B175474E89094C44Da98b954EedeAC495271d0F,0x4c9EDD5852cd905f086C759E8383e09bff1E68B3,0xaE4750d0813B5E37A51f7629beedd72AF1f9cA35,0x870aC11D48B15DB9a138Cf899d20F13F79Ba00BC,945000000000000000,2024-03-14 19:28:47.000000,2024-03-14 19:28:47.000000
0x8e6aeb10c401de3279ac79b4b2ea15fc94b7d9cfc098d6c2a1ff7b2b26d9d02c,0x6B175474E89094C44Da98b954EedeAC495271d0F,0x4c9EDD5852cd905f086C759E8383e09bff1E68B3,0xaE4750d0813B5E37A51f7629beedd72AF1f9cA35,0x870aC11D48B15DB9a138Cf899d20F13F79Ba00BC,915000000000000000,2024-03-14 19:30:47.000000,2024-03-14 19:30:47.000000
0xc581c5f70bd1afa283eed57d1418c6432cbff1d862f94eaf58fdd4e46afbb67f,0x6B175474E89094C44Da98b954EedeAC495271d0F,0x4c9EDD5852cd905f086C759E8383e09bff1E68B3,0xaE4750d0813B5E37A51f7629beedd72AF1f9cA35,0x870aC11D48B15DB9a138Cf899d20F13F79Ba00BC,860000000000000000,2024-03-14 19:34:35.000000,2024-03-14 19:34:35.000000
0xfd8493f09eb6203615221378d89f53fcd92ff4f7d62cca87eece9a2fff59e86f,0x6B175474E89094C44Da98b954EedeAC495271d0F,0x4c9EDD5852cd905f086C759E8383e09bff1E68B3,0xaE4750d0813B5E37A51f7629beedd72AF1f9cA35,0x870aC11D48B15DB9a138Cf899d20F13F79Ba00BC,770000000000000000,2024-03-14 19:35:11.000000,2024-03-14 19:35:11.000000
0x57f4e42c0707d3ae0ae39c9343dcba78ff79fa663da040eca45717a9b0b0557f,0x6B175474E89094C44Da98b954EedeAC495271d0F,0x0000000000000000000000000000000000000000,0x0000000000000000000000000000000000000000,0x0000000000000000000000000000000000000000,0,2024-03-15 17:27:47.000000,2024-03-15 17:27:47.000000
0x42644ceb5bf95a2c22c85ce5766942c6caeea73db07573e0048b3e340ea9e542,0xf939E0A03FB07F59A73314E73794Be0E57ac1b4E,0xAb122ae30b3eE050F0Eb30009DEec6aCC6B06D36,0xE9e1734F3AbC217DaCF83bda5740cA6762020c69,0x870aC11D48B15DB9a138Cf899d20F13F79Ba00BC,860000000000000000,2024-03-17 21:29:23.000000,2024-03-17 21:29:23.000000
0x75514afcce6d681f80c5029f9d581e00841618c16d585bd04f8688e983dba61e,0xf939E0A03FB07F59A73314E73794Be0E57ac1b4E,0x517068E51009e0e5E2a25f91e04837e66414D8Ac,0x1903515C7518E6F25b683b285ab7492C9BbffC33,0x870aC11D48B15DB9a138Cf899d20F13F79Ba00BC,860000000000000000,2024-03-17 22:24:11.000000,2024-03-17 22:24:11.000000
0x85114b25eef88f5cb19b190f01702e62d41a4ea91960d198a27addc2c11915a3,0xf939E0A03FB07F59A73314E73794Be0E57ac1b4E,0x19f8F160F4d0077d8527324544B5c68E883Dd592,0xd7111130e2Aac93b18120aa0CDbd03239052B0CC,0x870aC11D48B15DB9a138Cf899d20F13F79Ba00BC,860000000000000000,2024-03-17 22:26:59.000000,2024-03-17 22:26:59.000000
0xaf3461ee177e8774148b0607b8644a2d5ea2abe3d17ff08c6d68cd7a8b983e59,0xf939E0A03FB07F59A73314E73794Be0E57ac1b4E,0xa461249dB0C9f91de3d43582468b9DC0E712664d,0xd8F97E77BCc8C34B0695F1dCBA1D3b01CcA88FE7,0x870aC11D48B15DB9a138Cf899d20F13F79Ba00BC,860000000000000000,2024-03-17 22:35:11.000000,2024-03-17 22:35:11.000000
0xd1e844defc605ad0582899c6456b2f4d0aaded83b82bd60be576414d925e3034,0xf939E0A03FB07F59A73314E73794Be0E57ac1b4E,0x7086288478ce9dF52862b5E88eD18d232e9a5213,0x20BA4D455a7Bd926D77c22A76765dF54d2f0c315,0x870aC11D48B15DB9a138Cf899d20F13F79Ba00BC,860000000000000000,2024-03-17 22:36:59.000000,2024-03-17 22:36:59.000000
0xdffc48c16cca3880240220ab8791e5a7e5a41233ca11a5999f0dd4294d221aed,0xC02aaA39b223FE8D0A0e5C4F27eAD9083C756Cc2,0x454bB3cb427B21e1c052A080e21A57753cd6969e,0x604Ff8d40Aeb9aaa266420Cad2c5de0dE0A10b16,0x870aC11D48B15DB9a138Cf899d20F13F79Ba00BC,980000000000000000,2024-03-20 19:28:47.000000,2024-03-20 19:28:47.000000
0xd0e50cdac92fe2172043f5e0c36532c6369d24947e40968f34a5e8819ca9ec5d,0xC02aaA39b223FE8D0A0e5C4F27eAD9083C756Cc2,0x7f39C581F595B53c5cb19bD0b3f8dA6c935E2Ca0,0xbD60A6770b27E084E8617335ddE769241B0e71D8,0x870aC11D48B15DB9a138Cf899d20F13F79Ba00BC,945000000000000000,2024-03-25 21:31:59.000000,2024-03-25 21:31:59.000000
0x138eec0e4a1937eb92ebc70043ed539661dd7ed5a89fb92a720b341650288a40,0xC02aaA39b223FE8D0A0e5C4F27eAD9083C756Cc2,0x2260FAC5E5542a773Aa44fBCfeDf7C193bc2C599,0xc29B3Bc033640baE31ca53F8a0Eb892AdF68e663,0x870aC11D48B15DB9a138Cf899d20F13F79Ba00BC,915000000000000000,2024-03-29 10:53:23.000000,2024-03-29 10:53:23.000000
0x1c4b9ce834604969d33dc277bd8473d8aee856e5a577c08427b6deeb97cc72d6,0xf939E0A03FB07F59A73314E73794Be0E57ac1b4E,0xb0Ce26C88e4e7DCa51968b6047f44646f5064278,0x077Af6c2D4A75D4145d141F9e9421864C3940CB3,0x870aC11D48B15DB9a138Cf899d20F13F79Ba00BC,860000000000000000,2024-03-29 17:21:35.000000,2024-03-29 17:21:35.000000
0xd95c5285ed6009b272a25a94539bd1ae5af0e9020ad482123e01539ae43844e1,0x6B175474E89094C44Da98b954EedeAC495271d0F,0x7f39C581F595B53c5cb19bD0b3f8dA6c935E2Ca0,0xb6F9A5da6dFA52Dc8F61592E83d22502C65D3bC8,0x870aC11D48B15DB9a138Cf899d20F13F79Ba00BC,860000000000000000,2024-04-02 22:14:11.000000,2024-04-02 22:14:11.000000
0x06cb6aaee2279b46185dc2c8c107b4a56ff6550ea86063ec011fa4a52920841b,0x6B175474E89094C44Da98b954EedeAC495271d0F,0x2260FAC5E5542a773Aa44fBCfeDf7C193bc2C599,0xeA1433b67667878941Ca2a61C359e379397b155E,0x870aC11D48B15DB9a138Cf899d20F13F79Ba00BC,860000000000000000,2024-04-02 22:24:35.000000,2024-04-02 22:24:35.000000
0x459687783a68f4cf4e230618f88ce135d1cd459a850f6496751c2a9c1c6e852e,0x0000206329b97DB379d5E1Bf586BbDB969C63274,0xbf5495Efe5DB9ce00f80364C8B423567e58d2110,0xd5116061F4a1FFac23E9c6c9f6B4AF28b9AF7676,0x870aC11D48B15DB9a138Cf899d20F13F79Ba00BC,770000000000000000,2024-04-08 09:46:11.000000,2024-04-08 09:46:11.000000
0xa72f4af2570dca1b356aa6c1e6a804d0d3df5b23bb092189776d0dc652feabb4,0x0000206329b97DB379d5E1Bf586BbDB969C63274,0xA1290d69c65A6Fe4DF752f95823fae25cB99e5A7,0x599AD2053bFE462AB535f6370B9aBBa137CDeb83,0x870aC11D48B15DB9a138Cf899d20F13F79Ba00BC,770000000000000000,2024-04-08 09:46:11.000000,2024-04-08 09:46:11.000000
0x093d5b432aace8bf6c4d67494f4ac2542a499571ff7a1bcc9f8778f3200d457d,0xC02aaA39b223FE8D0A0e5C4F27eAD9083C756Cc2,0xbf5495Efe5DB9ce00f80364C8B423567e58d2110,0x61025e2B0122ac8bE4e37365A4003d87ad888Cc3,0x870aC11D48B15DB9a138Cf899d20F13F79Ba00BC,770000000000000000,2024-04-10 16:47:23.000000,2024-04-10 16:47:23.000000
0x355c9a4c12f60a10ab3b68507bfab21bd6913182037ffe25d94dabffea45429f,0xC02aaA39b223FE8D0A0e5C4F27eAD9083C756Cc2,0xbf5495Efe5DB9ce00f80364C8B423567e58d2110,0x61025e2B0122ac8bE4e37365A4003d87ad888Cc3,0x870aC11D48B15DB9a138Cf899d20F13F79Ba00BC,625000000000000000,2024-04-10 16:48:23.000000,2024-04-10 16:48:23.000000
0xdf2654405b27b5cf7a8f5fd78337e0440d37cbc797de38b1421752671f0ed3b6,0xA0b86991c6218b36c1d19D4a2e9Eb0cE3606eB48,0xCE8e559Ac89c2bDC97Bdb5F58705c54dB9cB77dC,0x45ea97920376A864FB8377163efB6622ebf694fa,0x870aC11D48B15DB9a138Cf899d20F13F79Ba00BC,980000000000000000,2024-04-10 17:50:47.000000,2024-04-10 17:50:47.000000
0x36fd92f0d2624aa817adf01d1093a7da6cf3690fd01e69bd3342fe52ccdf0fcd,0x0000206329b97DB379d5E1Bf586BbDB969C63274,0x0000000000000000000000000000000000000000,0x0000000000000000000000000000000000000000,0x0000000000000000000000000000000000000000,0,2024-04-10 18:42:59.000000,2024-04-10 18:42:59.000000
0x9f93305ce26c48170a11ae960425a084ab6567bb56d61a4de631855224091702,0xcbfb9B444d9735C345Df3A0F66cd89bD741692E9,0x910836B41791e07B4AC107c0DFbc41Ffd07d2702,0x454e632B8a235ACe145c5bC6F5aa318ad551f5ba,0x870aC11D48B15DB9a138Cf899d20F13F79Ba00BC,980000000000000000,2024-04-11 12:34:59.000000,2024-04-11 12:34:59.000000
0x74ef8d7022b0ef0c0e6dc001fbda3c8bd9a3e706f03bb559c833e1dce7302d3a,0xf939E0A03FB07F59A73314E73794Be0E57ac1b4E,0x0ea1a65A2c255f24Ee8D81eA6AaC54Decd9d269e,0xd2F7C3B2fC97cC7b6AfDd76D163394680EFc35b9,0x870aC11D48B15DB9a138Cf899d20F13F79Ba00BC,860000000000000000,2024-04-11 20:26:47.000000,2024-04-11 20:26:47.000000
0x0cd36e6ecd9d846cffd921d011d2507bc4c2c421929cec65205b3cd72925367c,0xf939E0A03FB07F59A73314E73794Be0E57ac1b4E,0x3ce8Ec9f3d89aD0A2DdbCC3FDB8991BD241Fc82E,0xa9f7900476F43C45Ebf56cEa669B9c960C176112,0x870aC11D48B15DB9a138Cf899d20F13F79Ba00BC,860000000000000000,2024-04-11 20:26:59.000000,2024-04-11 20:26:59.000000
0x42e157d3739f9ae3f418f5dd0977b7d51c3a677502afd9f3f594f46cc07dec6a,0xf939E0A03FB07F59A73314E73794Be0E57ac1b4E,0x6BA072F0d22806F2C52e9792AF47f2D59103BEBE,0x18B0d7311a97c5377445C80c768ab5201Bb27B5a,0x870aC11D48B15DB9a138Cf899d20F13F79Ba00BC,860000000000000000,2024-04-11 20:27:23.000000,2024-04-11 20:27:23.000000
0xbd2a27358bdaf3fb902a0ad17f86d4633f9ac5377941298720b37a4d90deab96,0xf939E0A03FB07F59A73314E73794Be0E57ac1b4E,0xAc904BAfBb5FB04Deb2b6198FdCEedE75a78Ce5a,0xad7e157815df05029125B568E39d5402550d60bb,0x870aC11D48B15DB9a138Cf899d20F13F79Ba00BC,860000000000000000,2024-04-11 20:28:11.000000,2024-04-11 20:28:11.000000
0x3c81a7e3cbcdeeecc7d9f7c45ed28ef62d63357cfcc7295e9d2b3368f0386b46,0x853d955aCEf822Db058eb8505911ED77F175b99e,0x4c9EDD5852cd905f086C759E8383e09bff1E68B3,0xaE4750d0813B5E37A51f7629beedd72AF1f9cA35,0x870aC11D48B15DB9a138Cf899d20F13F79Ba00BC,915000000000000000,2024-04-11 22:57:11.000000,2024-04-11 22:57:11.000000
0x8a8650a5ed923712ca86a9b83bd12ea520131c646c4da5de3a443416e1bb8c98,0x853d955aCEf822Db058eb8505911ED77F175b99e,0x9D39A5DE30e57443BfF2A8307A4256c8797A3497,0x5D916980D5Ae1737a8330Bf24dF812b2911Aae25,0x870aC11D48B15DB9a138Cf899d20F13F79Ba00BC,915000000000000000,2024-04-11 22:57:11.000000,2024-04-11 22:57:11.000000
0x5109cda72b0603e1bac4631ddebd3104bea6414e686c3f7aa2cb3c65795602f0,0x853d955aCEf822Db058eb8505911ED77F175b99e,0x4c9EDD5852cd905f086C759E8383e09bff1E68B3,0xaE4750d0813B5E37A51f7629beedd72AF1f9cA35,0x870aC11D48B15DB9a138Cf899d20F13F79Ba00BC,945000000000000000,2024-04-11 23:06:59.000000,2024-04-11 23:06:59.000000
0x3df62177d8dd48708addac57caad778286f104c98a6866817b105795be0605e8,0x853d955aCEf822Db058eb8505911ED77F175b99e,0x9D39A5DE30e57443BfF2A8307A4256c8797A3497,0x5D916980D5Ae1737a8330Bf24dF812b2911Aae25,0x870aC11D48B15DB9a138Cf899d20F13F79Ba00BC,945000000000000000,2024-04-11 23:06:59.000000,2024-04-11 23:06:59.000000
0x08cfaaa2e7797b4e1326d1d174dd364c9fb3a2a718623a3b7f97ea1debba47b8,0x853d955aCEf822Db058eb8505911ED77F175b99e,0x4c9EDD5852cd905f086C759E8383e09bff1E68B3,0xaE4750d0813B5E37A51f7629beedd72AF1f9cA35,0x870aC11D48B15DB9a138Cf899d20F13F79Ba00BC,860000000000000000,2024-04-11 23:20:11.000000,2024-04-11 23:20:11.000000
0x7e72f1671f1fd2c0900b6ef8bb6b55299d6a58fd398e3b8e05c12e3c429c401b,0x853d955aCEf822Db058eb8505911ED77F175b99e,0x9D39A5DE30e57443BfF2A8307A4256c8797A3497,0x5D916980D5Ae1737a8330Bf24dF812b2911Aae25,0x870aC11D48B15DB9a138Cf899d20F13F79Ba00BC,860000000000000000,2024-04-11 23:20:11.000000,2024-04-11 23:20:11.000000
0x7f393a1095a134e75c0beedb880ecaa505f91a9384927e4040d894020d38c926,0x4c9EDD5852cd905f086C759E8383e09bff1E68B3,0xd7173026AceB6e3c654FCC9f4422FC022A4c78A6,0x4C15936bD119735939383060471F2d833C0417B2,0x0000000000000000000000000000000000000000,980000000000000000,2024-04-18 19:13:35.000000,2024-04-18 19:13:35.000000
0x000c918917765555eade0947e9f5ad0dac5782214436ed159ef36a4c164ff306,0x7f39C581F595B53c5cb19bD0b3f8dA6c935E2Ca0,0xd7173026AceB6e3c654FCC9f4422FC022A4c78A6,0x4C15936bD119735939383060471F2d833C0417B2,0x0000000000000000000000000000000000000000,980000000000000000,2024-04-18 19:16:11.000000,2024-04-18 19:16:11.000000
0xcc7b191903e4750ad71898a1594d912adbb5bb1c6effcde9c38f0a798112edd1,0x0000206329b97DB379d5E1Bf586BbDB969C63274,0xc69Ad9baB1dEE23F4605a82b3354F8E40d1E5966,0x5441731eED05A8208e795086a5dF41416DD34104,0x870aC11D48B15DB9a138Cf899d20F13F79Ba00BC,860000000000000000,2024-04-19 12:19:47.000000,2024-04-19 12:19:47.000000
0xdfd730c597116b2ab4b5ec2a10fef3e6bc1e8c9ae495ca7d2a351704592d6bbe,0x0000206329b97DB379d5E1Bf586BbDB969C63274,0x2371e134e3455e0593363cBF89d3b6cf53740618,0xe4CCAA1849e9058f77f555C0FCcA4925Efd37d8E,0x870aC11D48B15DB9a138Cf899d20F13F79Ba00BC,770000000000000000,2024-04-19 12:20:47.000000,2024-04-19 12:20:47.000000
0x540266e1879fff261908dcd4f4c623ce99dcd4c9ae7004e9c97ed80bfcb9ea21,0x0000206329b97DB379d5E1Bf586BbDB969C63274,0x78Fc2c2eD1A4cDb5402365934aE5648aDAd094d0,0x76052A2A28fDCB8124f4686C63C68355b142de3B,0x870aC11D48B15DB9a138Cf899d20F13F79Ba00BC,860000000000000000,2024-04-19 12:21:59.000000,2024-04-19 12:21:59.000000
0x7f2eec1f78d0412e61fa3be531e36052460583e7f9b5c1efc1407f10c48a775d,0x0000206329b97DB379d5E1Bf586BbDB969C63274,0xdd0f28e19C1780eb6396170735D45153D261490d,0x3B8c4A340336941524DE276FF730b3Be71157B55,0x870aC11D48B15DB9a138Cf899d20F13F79Ba00BC,860000000000000000,2024-04-19 12:26:23.000000,2024-04-19 12:26:23.000000
0x5d09770b08517329e25b7dff8f32ad7098c8b6fd075660cdabec3e717ca8068f,0x0000206329b97DB379d5E1Bf586BbDB969C63274,0x95EeF579155cd2C5510F312c8fA39208c3Be01a8,0x1f083a4c51E6cAa627A8Cbe7452bF3D6eb815F57,0x870aC11D48B15DB9a138Cf899d20F13F79Ba00BC,915000000000000000,2024-04-19 12:36:11.000000,2024-04-19 12:36:11.000000
0x3e6cea6ad0e3c8fd5bb51f9bd9b9af30946f1d245543f409b6add8b754c03d8b,0x3231Cb76718CDeF2155FC47b5286d82e6eDA273f,0x004626A008B1aCdC4c74ab51644093b155e59A23,0xc20560B8C4E25f62946f8d3C496d097629986007,0x870aC11D48B15DB9a138Cf899d20F13F79Ba00BC,945000000000000000,2024-04-24 10:48:11.000000,2024-04-24 10:48:11.000000
0x6a6c8e41a6a7ccbea68e1e6a19ece1fdd863b2b6c9e0f71bbcd4dcbe8b1062e8,0xdAC17F958D2ee523a2206206994597C13D831ec7,0x7f39C581F595B53c5cb19bD0b3f8dA6c935E2Ca0,0xA1bDbfD967620332b9Fd7D60885e19EBBE49B882,0x870aC11D48B15DB9a138Cf899d20F13F79Ba00BC,860000000000000000,2024-04-24 21:51:35.000000,2024-04-24 21:51:35.000000
0x98f593f110c5ce358a3a0bedffd12207186060f194304b980f00440bb532d3f2,0x0000206329b97DB379d5E1Bf586BbDB969C63274,0xa0021EF8970104c2d008F38D92f115ad56a9B8e1,0x81B379f99CeE4Ee08f8CBC476e80e756D3b172cc,0x870aC11D48B15DB9a138Cf899d20F13F79Ba00BC,860000000000000000,2024-04-26 20:37:47.000000,2024-04-26 20:37:47.000000
0x9ec52d7195bafeba7137fa4d707a0f674a04a6d658c9066bcdbebc6d81eb0011,0xC02aaA39b223FE8D0A0e5C4F27eAD9083C756Cc2,0xE72B141DF173b999AE7c1aDcbF60Cc9833Ce56a8,0x3308Fed4625E5C5b176E4B7458F20B54C26C38ED,0x870aC11D48B15DB9a138Cf899d20F13F79Ba00BC,860000000000000000,2024-04-29 15:31:23.000000,2024-04-29 15:31:23.000000
0x9c765f69d8a8e40d2174824bc5107d05d7f0d0f81181048c9403262aeb1ab457,0xA0b86991c6218b36c1d19D4a2e9Eb0cE3606eB48,0x514910771AF9Ca656af840dff83E8264EcF986CA,0x2b6eFE10F7C7c0f2fD172213ad99017855a8E512,0x870aC11D48B15DB9a138Cf899d20F13F79Ba00BC,770000000000000000,2024-05-01 00:48:23.000000,2024-05-01 00:48:23.000000
0x9a525ea0f1c21880bb34bf4eb7724524e089d1bd6583699437dbe4a92ba3509d,0x4c9EDD5852cd905f086C759E8383e09bff1E68B3,0x67C2A8aC5dcDE1b91299261fE16022b43d9DF69F,0xc194D02d57d9702a684ce0040aAdce2f5854D15A,0x0000000000000000000000000000000000000000,770000000000000000,2024-05-05 05:09:11.000000,2024-05-05 05:09:11.000000
0x162492d45b6fc0e8d66f20746317b8e93554b8c5dcdd196454e98a0fcde027f9,0x7f39C581F595B53c5cb19bD0b3f8dA6c935E2Ca0,0x67C2A8aC5dcDE1b91299261fE16022b43d9DF69F,0xc194D02d57d9702a684ce0040aAdce2f5854D15A,0x0000000000000000000000000000000000000000,770000000000000000,2024-05-05 05:09:11.000000,2024-05-05 05:09:11.000000
0x80d68c092bbfd55ff1d20443b5c3366d67413bba8d98ea89f9c24fbf6942c2f2,0x9D39A5DE30e57443BfF2A8307A4256c8797A3497,0x67C2A8aC5dcDE1b91299261fE16022b43d9DF69F,0xc194D02d57d9702a684ce0040aAdce2f5854D15A,0x0000000000000000000000000000000000000000,770000000000000000,2024-05-05 05:09:11.000000,2024-05-05 05:09:11.000000
0xc118d50277e7334ef78fed7dc33183a5b0dd5612dc936ac8f3444371d64ffbe2,0x2260FAC5E5542a773Aa44fBCfeDf7C193bc2C599,0x67C2A8aC5dcDE1b91299261fE16022b43d9DF69F,0xc194D02d57d9702a684ce0040aAdce2f5854D15A,0x0000000000000000000000000000000000000000,770000000000000000,2024-05-05 05:09:11.000000,2024-05-05 05:09:11.000000
0x15ecb004887e8d2c55ceb542d329f411a410268e77aca53337513f0330a26185,0xbf5495Efe5DB9ce00f80364C8B423567e58d2110,0x67C2A8aC5dcDE1b91299261fE16022b43d9DF69F,0xc194D02d57d9702a684ce0040aAdce2f5854D15A,0x0000000000000000000000000000000000000000,770000000000000000,2024-05-05 05:09:11.000000,2024-05-05 05:09:11.000000
0x397f43e433aac18a72478d695d8ffa9713e9da2addb778726b5b4d352eb92cfc,0x6B175474E89094C44Da98b954EedeAC495271d0F,0x67C2A8aC5dcDE1b91299261fE16022b43d9DF69F,0xc194D02d57d9702a684ce0040aAdce2f5854D15A,0x0000000000000000000000000000000000000000,770000000000000000,2024-05-05 05:09:11.000000,2024-05-05 05:09:11.000000
0xff8f88210d07997346e18c58f07ad4c4859a66f4a0185595122a7f81f561e234,0xCd5fE23C85820F7B72D0926FC9b05b43E359b7ee,0x67C2A8aC5dcDE1b91299261fE16022b43d9DF69F,0xc194D02d57d9702a684ce0040aAdce2f5854D15A,0x0000000000000000000000000000000000000000,770000000000000000,2024-05-05 05:09:11.000000,2024-05-05 05:09:11.000000
0xf6968c7556ab96561faf472ea9fd7bb27c5c4b8d29834c4a09654493f5742dea,0xC02aaA39b223FE8D0A0e5C4F27eAD9083C756Cc2,0x67C2A8aC5dcDE1b91299261fE16022b43d9DF69F,0xc194D02d57d9702a684ce0040aAdce2f5854D15A,0x0000000000000000000000000000000000000000,770000000000000000,2024-05-05 05:09:11.000000,2024-05-05 05:09:11.000000
0x94bb71145cb48e1ef140744b3387504d21d8dfb4a5afa7a86a6642fb1de03541,0x83F20F44975D03b1b09e64809B757c47f942BEeA,0x67C2A8aC5dcDE1b91299261fE16022b43d9DF69F,0xc194D02d57d9702a684ce0040aAdce2f5854D15A,0x0000000000000000000000000000000000000000,770000000000000000,2024-05-05 05:09:11.000000,2024-05-05 05:09:11.000000
0x38e0e4e9271b14c03fc982d337c4651dd611e32aeba4d2530cc2d7edabbe7d68,0xA0b86991c6218b36c1d19D4a2e9Eb0cE3606eB48,0x67C2A8aC5dcDE1b91299261fE16022b43d9DF69F,0xc194D02d57d9702a684ce0040aAdce2f5854D15A,0x0000000000000000000000000000000000000000,770000000000000000,2024-05-05 05:09:11.000000,2024-05-05 05:09:11.000000
0xb7aaedc202cc26f4d714507605efdd2d03cf9f4994a814cb19bb49a513a506a8,0xC02aaA39b223FE8D0A0e5C4F27eAD9083C756Cc2,0xA1290d69c65A6Fe4DF752f95823fae25cB99e5A7,0x4098B3f2a0E8897d7f253e3035F7DD3285594daD,0x870aC11D48B15DB9a138Cf899d20F13F79Ba00BC,860000000000000000,2024-05-08 23:36:35.000000,2024-05-08 23:36:35.000000
0x0eed5a89c7d397d02fd0b9b8e42811ca67e50ed5aeaa4f22e506516c716cfbbf,0xC02aaA39b223FE8D0A0e5C4F27eAD9083C756Cc2,0xD9A442856C234a39a81a089C06451EBAa4306a72,0x7A5628D0f541c697D7E9Bd7DC5a0598b306C13Fc,0x870aC11D48B15DB9a138Cf899d20F13F79Ba00BC,860000000000000000,2024-05-09 19:26:47.000000,2024-05-09 19:26:47.000000
0x2b1800a3b96cc786e4ae6d8f0c8047c0000fc2587939a3fbf14301a170d76537,0xC02aaA39b223FE8D0A0e5C4F27eAD9083C756Cc2,0xFAe103DC9cf190eD75350761e95403b7b8aFa6c0,0x32aE7f50aAD360a0E991fA60E52d667A0241709A,0x870aC11D48B15DB9a138Cf899d20F13F79Ba00BC,860000000000000000,2024-05-09 19:26:47.000000,2024-05-09 19:26:47.000000
0xeeabdcb98e9f7ec216d259a2c026bbb701971efae0b44eec79a86053f9b128b6,0xC02aaA39b223FE8D0A0e5C4F27eAD9083C756Cc2,0xA1290d69c65A6Fe4DF752f95823fae25cB99e5A7,0x423671566dE77E9Cb50E9bE4383BA78fFC808a4e,0x870aC11D48B15DB9a138Cf899d20F13F79Ba00BC,860000000000000000,2024-05-09 19:26:47.000000,2024-05-09 19:26:47.000000
0x5125fcd427c196c8796f1a7573109ad9884e6ece3208c25a9583b5999b4e03e4,0x6c3ea9036406852006290770BEdFcAbA0e23A0e8,0x136471a34f6ef19fE571EFFC1CA711fdb8E49f2b,0x3A2a2C9287be8b7056075f049f1fBDF8ECb81eda,0x870aC11D48B15DB9a138Cf899d20F13F79Ba00BC,980000000000000000,2024-05-22 14:24:35.000000,2024-05-22 14:24:35.000000
0xbd33e0ae076c82cfd0fa8d759ea83a296190f9f98d9f79b74a0eb4a294d8bf42,0xA0b86991c6218b36c1d19D4a2e9Eb0cE3606eB48,0xCd5fE23C85820F7B72D0926FC9b05b43E359b7ee,0x90CFE73B913ee1B93EA75Aa47134b7330289a458,0x870aC11D48B15DB9a138Cf899d20F13F79Ba00BC,770000000000000000,2024-05-26 01:34:35.000000,2024-05-26 01:34:35.000000
0x28c028a1af0fa01da5b9c46bb8d999e3e8e65b8304edc09fd8cbaef03a64cb35,0xA0b86991c6218b36c1d19D4a2e9Eb0cE3606eB48,0xbf5495Efe5DB9ce00f80364C8B423567e58d2110,0x895f9dF47F8a68396eD026978A0771C120DFC279,0x870aC11D48B15DB9a138Cf899d20F13F79Ba00BC,770000000000000000,2024-05-26 01:34:35.000000,2024-05-26 01:34:35.000000
0xea023e57814fb9a814a5a9ee9f3e7ece5b771dd8cc703e50b911e9cde064a12d,0xC02aaA39b223FE8D0A0e5C4F27eAD9083C756Cc2,0xDcEe70654261AF21C44c093C300eD3Bb97b78192,0xb7948b5bEEe825E609990484A99340D8767B420e,0x870aC11D48B15DB9a138Cf899d20F13F79Ba00BC,860000000000000000,2024-05-28 15:17:23.000000,2024-05-28 15:17:23.000000
0xe4cfbee9af4ad713b41bf79f009ca02b17c001a0c0e7bd2e6a89b1111b3d3f08,0xA0b86991c6218b36c1d19D4a2e9Eb0cE3606eB48,0x18084fbA666a33d37592fA2633fD49a74DD93a88,0x57bfdF6aB73995C5af58A95A16798190e366CA5b,0x870aC11D48B15DB9a138Cf899d20F13F79Ba00BC,770000000000000000,2024-05-29 06:48:59.000000,2024-05-29 06:48:59.000000
0x55f82d3c3e0d2c64c3ca4aab01e3038489c9b3b8714ab277d9c61c2a14c1f066,0x0000206329b97DB379d5E1Bf586BbDB969C63274,0x6ee2b5E19ECBa773a352E5B21415Dc419A700d1d,0xE8b74600CF80e3B38e2B186c981325FF7Ede161B,0x870aC11D48B15DB9a138Cf899d20F13F79Ba00BC,860000000000000000,2024-06-12 12:23:35.000000,2024-06-12 12:23:35.000000
0x718af3af39b183758849486340b69466e3e89b84b7884188323416621ee91cb7,0xA0b86991c6218b36c1d19D4a2e9Eb0cE3606eB48,0x1f9840a85d5aF5bf1D1762F925BDADdC4201F984,0x630A3B4a095220f4b36082DEc1DeaE903346e372,0x870aC11D48B15DB9a138Cf899d20F13F79Ba00BC,625000000000000000,2024-06-13 18:43:47.000000,2024-06-13 18:43:47.000000
0x3cc3913fc5f88bd2b5276d1be37f11a4ac79f45e209909dbeffa6fbd013ff01e,0x73A15FeD60Bf67631dC6cd7Bc5B6e8da8190aCF5,0x9D39A5DE30e57443BfF2A8307A4256c8797A3497,0x5D916980D5Ae1737a8330Bf24dF812b2911Aae25,0x870aC11D48B15DB9a138Cf899d20F13F79Ba00BC,860000000000000000,2024-06-17 18:56:35.000000,2024-06-17 18:56:35.000000
0x62428c0cb931a0ec133a646e166914561185b7da30f7c5f877471c6718420a71,0x73A15FeD60Bf67631dC6cd7Bc5B6e8da8190aCF5,0x4c9EDD5852cd905f086C759E8383e09bff1E68B3,0xaE4750d0813B5E37A51f7629beedd72AF1f9cA35,0x870aC11D48B15DB9a138Cf899d20F13F79Ba00BC,860000000000000000,2024-06-17 18:57:23.000000,2024-06-17 18:57:23.000000
0xb6c1599ac357c1b23fcd46f4ef69495fb11d91bc0fa90c7c3e6ab644592c8017,0x0000206329b97DB379d5E1Bf586BbDB969C63274,0x6ee2b5E19ECBa773a352E5B21415Dc419A700d1d,0x1620AcF8cF042C23CEeA0c6356E14e54D37CE8FF,0x870aC11D48B15DB9a138Cf899d20F13F79Ba00BC,860000000000000000,2024-06-18 10:26:23.000000,2024-06-18 10:26:23.000000
0xed9e817ac29464b3cc520bf124fb333c330021a8ae768889f414d21df35686e0,0x0000206329b97DB379d5E1Bf586BbDB969C63274,0xf7906F274c174A52d444175729E3fa98f9bde285,0xfE63A66aec4e39eE4c959eB7E2ed55Af8a0aB248,0x870aC11D48B15DB9a138Cf899d20F13F79Ba00BC,860000000000000000,2024-06-18 10:26:47.000000,2024-06-18 10:26:47.000000
0x7e9c708876fa3816c46aeb08937b51aa0461c2af3865ecb306433db8a80b1d1b,0xA0b86991c6218b36c1d19D4a2e9Eb0cE3606eB48,0xD9A442856C234a39a81a089C06451EBAa4306a72,0xdFA52B07a794488B3F2CCF3aC22AA7430f86B68b,0x870aC11D48B15DB9a138Cf899d20F13F79Ba00BC,770000000000000000,2024-06-21 23:55:35.000000,2024-06-21 23:55:35.000000
0xa42ba90e4d3013dee8eb0d7bb7ae0817297337eeecd525dbdd48c7b5c5e6988d,0x0000206329b97DB379d5E1Bf586BbDB969C63274,0xD9A442856C234a39a81a089C06451EBAa4306a72,0x0bc6FaE2640bd074F5451CBBBac73BF86bCcBcfa,0x870aC11D48B15DB9a138Cf899d20F13F79Ba00BC,770000000000000000,2024-06-24 21:28:23.000000,2024-06-24 21:28:23.000000
0x60fce64eeeaec462a3fdf674f786ad71e4eef6e717d848d992a8631a5cb0b4b2,0x0000206329b97DB379d5E1Bf586BbDB969C63274,0xCd5fE23C85820F7B72D0926FC9b05b43E359b7ee,0xF8DB6a27a5033d029e38eF8B8C2C5DCB48aADB53,0x870aC11D48B15DB9a138Cf899d20F13F79Ba00BC,770000000000000000,2024-06-24 23:49:35.000000,2024-06-24 23:49:35.000000
0xbef47159fd478cdd8c34073b71f97ca796aad295a87192fcffc813fad60de9f4,0xA0b86991c6218b36c1d19D4a2e9Eb0cE3606eB48,0x35D8949372D46B7a3D5A56006AE77B215fc69bC0,0x3A72F1F8e549C2398c83Fb223c178162bac2bdC3,0x870aC11D48B15DB9a138Cf899d20F13F79Ba00BC,860000000000000000,2024-06-26 21:50:59.000000,2024-06-26 21:50:59.000000
0x6c65bb7104ae6fc1dc2cdc97fcb7df2a4747363e76135b32d9170b2520bb65eb,0xA0b86991c6218b36c1d19D4a2e9Eb0cE3606eB48,0x07D1718fF05a8C53C8F05aDAEd57C0d672945f9a,0xBC15fcCbf5D2AF119f18832069f56423549E1483,0x870aC11D48B15DB9a138Cf899d20F13F79Ba00BC,860000000000000000,2024-07-02 02:28:35.000000,2024-07-02 02:28:35.000000
0x7c7f1531679799c7e8869876c83fba4b001ab224b5e844b906818260a4fcd5b0,0x5F7827FDeb7c20b443265Fc2F40845B715385Ff2,0x0000000000000000000000000000000000000000,0x0000000000000000000000000000000000000000,0x0000000000000000000000000000000000000000,0,2024-07-02 17:15:23.000000,2024-07-02 17:15:23.000000
0x0b352b7550acdb1f39fea4b8f9ef8ac2d7953613b92599610b8fbec8a98a51d1,0x5F7827FDeb7c20b443265Fc2F40845B715385Ff2,0x7f39C581F595B53c5cb19bD0b3f8dA6c935E2Ca0,0x44D6d497fb53294f283983E2931972840eb3DD90,0x870aC11D48B15DB9a138Cf899d20F13F79Ba00BC,860000000000000000,2024-07-02 17:15:23.000000,2024-07-02 17:15:23.000000
0x2ff84b7e69d082105546a1a76e27da4352d248458f5f7e89104e63786d232cae,0x5F7827FDeb7c20b443265Fc2F40845B715385Ff2,0x2260FAC5E5542a773Aa44fBCfeDf7C193bc2C599,0xD122315BD4E89386045F51f6e65A6EeDb0dD31b9,0x870aC11D48B15DB9a138Cf899d20F13F79Ba00BC,860000000000000000,2024-07-02 17:15:23.000000,2024-07-02 17:15:23.000000
0x6aed664dab53ed472682c66bfe7299c0352e997bbf008aa5573895f9e9115f03,0x1a7e4e63778B4f12a199C062f3eFdD288afCBce8,0x7f39C581F595B53c5cb19bD0b3f8dA6c935E2Ca0,0x44D6d497fb53294f283983E2931972840eb3DD90,0x870aC11D48B15DB9a138Cf899d20F13F79Ba00BC,860000000000000000,2024-07-05 15:03:35.000000,2024-07-05 15:03:35.000000
0x8f3ad887c9a81ec349eec0e6410a6cc95eda44d069f240f3f55a62f1430a37c0,0x1a7e4e63778B4f12a199C062f3eFdD288afCBce8,0x2260FAC5E5542a773Aa44fBCfeDf7C193bc2C599,0xD122315BD4E89386045F51f6e65A6EeDb0dD31b9,0x870aC11D48B15DB9a138Cf899d20F13F79Ba00BC,860000000000000000,2024-07-05 15:04:47.000000,2024-07-05 15:04:47.000000
0xda50f8e889699e305ac5349af6777f28ff60533f50a79bb6bb4bcfe9ba80a17d,0x1a7e4e63778B4f12a199C062f3eFdD288afCBce8,0x0000000000000000000000000000000000000000,0x0000000000000000000000000000000000000000,0x0000000000000000000000000000000000000000,0,2024-07-05 15:07:59.000000,2024-07-05 15:07:59.000000
0xbd8da2d685de5e7bdd0a3b4a2b41c71ee65406a9a8cfb98f555a92bd67ec5c30,0xf939E0A03FB07F59A73314E73794Be0E57ac1b4E,0x0000000000000000000000000000000000000000,0x0000000000000000000000000000000000000000,0x0000000000000000000000000000000000000000,0,2024-07-08 19:08:11.000000,2024-07-08 19:08:11.000000
0x9ea35e2e131ba2046fe6d0be3674764578e9e293cfda074dbf2b3eb86464212d,0xf939E0A03FB07F59A73314E73794Be0E57ac1b4E,0x6f471267d09953f27F983Cfe17556eFf3e3b2DFB,0xb2e1c8EfaaDf45342E4682c4ce7FC4A9fd253F06,0x870aC11D48B15DB9a138Cf899d20F13F79Ba00BC,860000000000000000,2024-07-12 17:30:47.000000,2024-07-12 17:30:47.000000
0x84d0c5c07b5dc83710d3922a7eba2b03f3a3e78cea72556633433bd1b4304e36,0xf939E0A03FB07F59A73314E73794Be0E57ac1b4E,0x385E12cf4040543Bc8C18e05C1298Be5B04f3f5e,0x20c4fA59f032bEC6de1905B7201CB88DFD968abA,0x870aC11D48B15DB9a138Cf899d20F13F79Ba00BC,860000000000000000,2024-07-14 16:55:11.000000,2024-07-14 16:55:11.000000
0x461da96754b33fec844fc5e5718bf24298a2c832d8216c5ffd17a5230548f01f,0xA0d69E286B938e21CBf7E51D71F6A4c8918f482F,0x2260FAC5E5542a773Aa44fBCfeDf7C193bc2C599,0x032F1C64899b2C89835E51aCeD9434b0aDEaA69d,0x870aC11D48B15DB9a138Cf899d20F13F79Ba00BC,860000000000000000,2024-07-17 17:29:59.000000,2024-07-17 17:29:59.000000
0x61b01462df103a57205fea706a58cd0efa4a56570245e7ccea19677a056a835f,0x6B175474E89094C44Da98b954EedeAC495271d0F,0xbBf399db59A845066aAFce9AE55e68c505FA97B7,0x5D916980D5Ae1737a8330Bf24dF812b2911Aae25,0x870aC11D48B15DB9a138Cf899d20F13F79Ba00BC,860000000000000000,2024-07-18 00:26:35.000000,2024-07-18 00:26:35.000000
0x5baddd7c6613f8814d0d2a12ea7dfe2e50fb7723eeb082d2f2c4cdad3ec91560,0x6B175474E89094C44Da98b954EedeAC495271d0F,0xAE5099C39f023C91d3dd55244CAFB36225B0850E,0x5D916980D5Ae1737a8330Bf24dF812b2911Aae25,0x870aC11D48B15DB9a138Cf899d20F13F79Ba00BC,860000000000000000,2024-07-18 12:19:11.000000,2024-07-18 12:19:11.000000
0x6029eea874791e01e2f3ce361f2e08839cd18b1e26eea6243fa3e43fe8f6fa23,0xA0d69E286B938e21CBf7E51D71F6A4c8918f482F,0x7f39C581F595B53c5cb19bD0b3f8dA6c935E2Ca0,0xBC693693fDBB177Ad05ff38633110016BC043AC5,0x870aC11D48B15DB9a138Cf899d20F13F79Ba00BC,860000000000000000,2024-07-18 21:24:47.000000,2024-07-18 21:24:47.000000
0xfd2d1fa27920a406bdf9f84300f7b4b086dec491a16adb5fdcdb06544ec523a5,0xA0d69E286B938e21CBf7E51D71F6A4c8918f482F,0x0000000000000000000000000000000000000000,0x0000000000000000000000000000000000000000,0x0000000000000000000000000000000000000000,0,2024-07-18 21:24:47.000000,2024-07-18 21:24:47.000000
0x3f4d007982a480dd99052c05d811cf6838ce61b2a2be8dc52fca107f783d1f15,0xA0d69E286B938e21CBf7E51D71F6A4c8918f482F,0xE72B141DF173b999AE7c1aDcbF60Cc9833Ce56a8,0xb3e24f938dB830C903450dcFe200E0AC121d8033,0x870aC11D48B15DB9a138Cf899d20F13F79Ba00BC,770000000000000000,2024-07-18 21:33:47.000000,2024-07-18 21:33:47.000000
0x67992b26ac5eee3c3a6cea090690ad3b41ee33d1d53ed7937823695ffd92a283,0xA0b86991c6218b36c1d19D4a2e9Eb0cE3606eB48,0x547213367cfB08ab418E7b54d7883b2C2AA27Fd7,0x19458F400D93817503c5bF7558624cca09f2487e,0x870aC11D48B15DB9a138Cf899d20F13F79Ba00BC,945000000000000000,2024-07-19 06:14:59.000000,2024-07-19 06:14:59.000000
0x8f46cd82c4c44a090c3d72bd7a84baf4e69ee50331d5deae514f86fe062b0748,0x6B175474E89094C44Da98b954EedeAC495271d0F,0xAE5099C39f023C91d3dd55244CAFB36225B0850E,0xaE4750d0813B5E37A51f7629beedd72AF1f9cA35,0x870aC11D48B15DB9a138Cf899d20F13F79Ba00BC,860000000000000000,2024-07-19 16:37:47.000000,2024-07-19 16:37:47.000000
0xb48bb53f0f2690c71e8813f2dc7ed6fca9ac4b0ace3faa37b4a8e5ece38fa1a2,0xA0b86991c6218b36c1d19D4a2e9Eb0cE3606eB48,0x35D8949372D46B7a3D5A56006AE77B215fc69bC0,0x1325Eb089Ac14B437E78D5D481e32611F6907eF8,0x870aC11D48B15DB9a138Cf899d20F13F79Ba00BC,860000000000000000,2024-07-23 23:10:35.000000,2024-07-23 23:10:35.000000
0x864c9b82eb066ae2c038ba763dfc0221001e62fc40925530056349633eb0a259,0xA0b86991c6218b36c1d19D4a2e9Eb0cE3606eB48,0x1d08E7adC263CfC70b1BaBe6dC5Bb339c16Eec52,0x7bEc5E135845B37136167ea62Bd8C0354b1Ef246,0x870aC11D48B15DB9a138Cf899d20F13F79Ba00BC,860000000000000000,2024-07-24 17:38:11.000000,2024-07-24 17:38:11.000000
0xbcb70d62f8ccdf9e798fe18571f9691b33e26e5ccba63a375f305bb310a6c1ef,0x6900057428C99Fb373397D657Beb40D92D8aC97f,0x0000000000000000000000000000000000000000,0x0000000000000000000000000000000000000000,0x0000000000000000000000000000000000000000,0,2024-07-29 16:39:11.000000,2024-07-29 16:39:11.000000
0xdd1ceb18c244fc443908249b853af63b9d35516816634b2e7fb3c43533e75614,0x69000405f9DcE69BD4Cbf4f2865b79144A69BFE0,0x0000000000000000000000000000000000000000,0x0000000000000000000000000000000000000000,0x0000000000000000000000000000000000000000,0,2024-07-29 23:54:47.000000,2024-07-29 23:54:47.000000
0xc78cb7c7cf3026d33d849ef06f3f68e1b2112ab503789f879d7b9536c13348dc,0x0000206329b97DB379d5E1Bf586BbDB969C63274,0x0022228a2cc5E7eF0274A7Baa600d44da5aB5776,0x84Dd864dD53d8A3ad4d255c8AaeE0B3c5926Ad5E,0x870aC11D48B15DB9a138Cf899d20F13F79Ba00BC,965000000000000000,2024-07-31 10:48:35.000000,2024-07-31 10:48:35.000000
0xd925961ad5df1d12f677ff14cf20bac37ea5ef3b325d64d5a9f4c0cc013a1d47,0xA0b86991c6218b36c1d19D4a2e9Eb0cE3606eB48,0x0022228a2cc5E7eF0274A7Baa600d44da5aB5776,0xd884fa9fe289EB06Cc22667252fA6Bea87A91CC3,0x870aC11D48B15DB9a138Cf899d20F13F79Ba00BC,965000000000000000,2024-08-01 12:51:59.000000,2024-08-01 12:51:59.000000
0x6cd5fd13ae90d2e4ecc70032e64ca48b263d94763168a7e7e11ecbf9dbe56c19,0xA0b86991c6218b36c1d19D4a2e9Eb0cE3606eB48,0x57F5E098CaD7A3D1Eed53991D4d66C45C9AF7812,0x38Ed40ab78D2D00467CedD5B1631C040768cdfCa,0x870aC11D48B15DB9a138Cf899d20F13F79Ba00BC,965000000000000000,2024-08-05 18:56:35.000000,2024-08-05 18:56:35.000000
0x231bca4be855554a2dcd22b56e4e1828b1038b19b4f7632333baf9fc1204155d,0xdAC17F958D2ee523a2206206994597C13D831ec7,0x57F5E098CaD7A3D1Eed53991D4d66C45C9AF7812,0x38Ed40ab78D2D00467CedD5B1631C040768cdfCa,0x870aC11D48B15DB9a138Cf899d20F13F79Ba00BC,965000000000000000,2024-08-05 18:56:35.000000,2024-08-05 18:56:35.000000
0xa44f90f459658de554346679e449b6166e76d03d9a97bc8573c7dec91c1dbf3a,0xdAC17F958D2ee523a2206206994597C13D831ec7,0x0022228a2cc5E7eF0274A7Baa600d44da5aB5776,0xAb1Ee26435fB5E7b005A1d438336d80D097931e7,0x870aC11D48B15DB9a138Cf899d20F13F79Ba00BC,945000000000000000,2024-08-06 11:17:47.000000,2024-08-06 11:17:47.000000
0x19b2dc518e70f0b562a69d1a29edba38638970c9bc3c2f84a8a87548f6c6f53c,0xA0b86991c6218b36c1d19D4a2e9Eb0cE3606eB48,0x3845badAde8e6dFF049820680d1F14bD3903a5d0,0xC7dFBF97067BA3Bcf69FBDF4BBBae7C71CF5538D,0x870aC11D48B15DB9a138Cf899d20F13F79Ba00BC,625000000000000000,2024-08-06 16:54:11.000000,2024-08-06 16:54:11.000000
0x8868527fb91cd74fe89dd3167a9261b0e507b7a03863a225596d5fff65d9f71d,0x69000405f9DcE69BD4Cbf4f2865b79144A69BFE0,0xAE5099C39f023C91d3dd55244CAFB36225B0850E,0xaE4750d0813B5E37A51f7629beedd72AF1f9cA35,0x870aC11D48B15DB9a138Cf899d20F13F79Ba00BC,965000000000000000,2024-08-08 00:09:59.000000,2024-08-08 00:09:59.000000
0xa0534c78620867b7c8706e3b6df9e69a2bc67c783281b7a77e034ed75cee012e,0xC02aaA39b223FE8D0A0e5C4F27eAD9083C756Cc2,0xbf5495Efe5DB9ce00f80364C8B423567e58d2110,0x94f93f1eADb8a2f73C415AD4C19cB791e6D0192b,0x870aC11D48B15DB9a138Cf899d20F13F79Ba00BC,945000000000000000,2024-08-08 10:32:59.000000,2024-08-08 10:32:59.000000
0x514efda728a646dcafe4fdc9afe4ea214709e110ac1b2b78185ae00c1782cc82,0x2260FAC5E5542a773Aa44fBCfeDf7C193bc2C599,0x8DB2350D78aBc13f5673A411D4700BCF87864dDE,0x99ADb404Ec05f43B897Ae2f917BfA7C5FDd24708,0x870aC11D48B15DB9a138Cf899d20F13F79Ba00BC,945000000000000000,2024-08-15 01:35:59.000000,2024-08-15 01:35:59.000000
0xd8909210afccc90a67730342d4a4695d437cd898164c59e2f54dfa40b53db2c0,0x0000206329b97DB379d5E1Bf586BbDB969C63274,0x83F20F44975D03b1b09e64809B757c47f942BEeA,0x9d4eb56E054e4bFE961F861E351F606987784B65,0x870aC11D48B15DB9a138Cf899d20F13F79Ba00BC,965000000000000000,2024-08-16 07:55:47.000000,2024-08-16 07:55:47.000000
0x7725318760d6d193e11f889f0be58eba134f64a8c22ed9050cac7bd4a70a64f0,0x437cc33344a0B27A429f795ff6B469C72698B291,0x0000000000000000000000000000000000000000,0x0000000000000000000000000000000000000000,0x0000000000000000000000000000000000000000,0,2024-08-16 19:54:35.000000,2024-08-16 19:54:35.000000
0xcacd4c39af872ddecd48b650557ff5bcc7d3338194c0f5b2038e0d4dec5dc022,0xC02aaA39b223FE8D0A0e5C4F27eAD9083C756Cc2,0xFAe103DC9cf190eD75350761e95403b7b8aFa6c0,0x56e2d0957d2376dF4A0519b91D1Fa19D2d63bd9b,0x870aC11D48B15DB9a138Cf899d20F13F79Ba00BC,945000000000000000,2024-08-20 08:21:47.000000,2024-08-20 08:21:47.000000
0x8be9d9888d68083a58216fe1cd3254dc35b9e919f3131dae50b80f787e901a71,0xA0b86991c6218b36c1d19D4a2e9Eb0cE3606eB48,0xCd5fE23C85820F7B72D0926FC9b05b43E359b7ee,0x57028ECa448fb11b9911c6F7bA0b4f82eaa23d57,0x870aC11D48B15DB9a138Cf899d20F13F79Ba00BC,770000000000000000,2024-08-20 15:58:47.000000,2024-08-20 15:58:47.000000
0x5aebffa291380dd4b1365ba03441c9fd887af973c4611059dfa3879af038e287,0x18084fbA666a33d37592fA2633fD49a74DD93a88,0x0000000000000000000000000000000000000000,0x0000000000000000000000000000000000000000,0x0000000000000000000000000000000000000000,0,2024-08-21 15:48:11.000000,2024-08-21 15:48:11.000000
0x779c536c70b70a70734d1882c8496695d4da583c49d4ed9bda99d1ec963522b7,0x09D4214C03D01F49544C0448DBE3A27f768F2b34,0x0000000000000000000000000000000000000000,0x0000000000000000000000000000000000000000,0x0000000000000000000000000000000000000000,0,2024-08-21 19:43:23.000000,2024-08-21 19:43:23.000000
0xf6a056627a51e511ec7f48332421432ea6971fc148d8f3c451e14ea108026549,0x2260FAC5E5542a773Aa44fBCfeDf7C193bc2C599,0x8236a87084f8B84306f72007F36F2618A5634494,0xa98105B8227E0f2157816Feb7A331364A9B74F80,0x870aC11D48B15DB9a138Cf899d20F13F79Ba00BC,945000000000000000,2024-08-22 01:55:59.000000,2024-08-22 01:55:59.000000
0xcd29d72dff607c9796831c5d969d94312f50da4c66eab0ef376b243b029117aa,0x00000000eFE302BEAA2b3e6e1b18d08D69a9012a,0x0000000000000000000000000000000000000000,0x0000000000000000000000000000000000000000,0x0000000000000000000000000000000000000000,0,2024-08-22 06:01:47.000000,2024-08-22 06:01:47.000000
0x7cf74de9cfcb48b680515f9137fae9fcd7071be92988e3e35089b29e715b6c07,0x00000000eFE302BEAA2b3e6e1b18d08D69a9012a,0x2260FAC5E5542a773Aa44fBCfeDf7C193bc2C599,0x032F1C64899b2C89835E51aCeD9434b0aDEaA69d,0x870aC11D48B15DB9a138Cf899d20F13F79Ba00BC,860000000000000000,2024-08-22 06:08:59.000000,2024-08-22 06:08:59.000000
0x50e1cfa489db54c5e33c03cd5e30c45558bea125520fcc7e3a84e505061e2829,0x00000000eFE302BEAA2b3e6e1b18d08D69a9012a,0x7f39C581F595B53c5cb19bD0b3f8dA6c935E2Ca0,0xBC693693fDBB177Ad05ff38633110016BC043AC5,0x870aC11D48B15DB9a138Cf899d20F13F79Ba00BC,860000000000000000,2024-08-22 06:11:59.000000,2024-08-22 06:11:59.000000
0xa84573d73bcd78cd295b3a35b4419877584a4cc3208161128addf15d9a90e5fb,0x00000000eFE302BEAA2b3e6e1b18d08D69a9012a,0x2260FAC5E5542a773Aa44fBCfeDf7C193bc2C599,0x09dbf9502d43445b33883837a51D06Fc9B9CdEC4,0x870aC11D48B15DB9a138Cf899d20F13F79Ba00BC,860000000000000000,2024-08-22 22:43:59.000000,2024-08-22 22:43:59.000000
0x576acd27f398d0076250ee1fe7c5655d36e915dd4c4b2e2bed2ac112250fa35f,0x00000000eFE302BEAA2b3e6e1b18d08D69a9012a,0x7f39C581F595B53c5cb19bD0b3f8dA6c935E2Ca0,0xD44Ae11b9e914DD564b8D2166B11EF59C4E26b94,0x870aC11D48B15DB9a138Cf899d20F13F79Ba00BC,860000000000000000,2024-08-22 22:45:47.000000,2024-08-22 22:45:47.000000
0xd3d60d19f04614baecb74e134b7bdd775dd7b37950f084ffcf4c05869ed260f1,0x00000000eFE302BEAA2b3e6e1b18d08D69a9012a,0x7f39C581F595B53c5cb19bD0b3f8dA6c935E2Ca0,0x27679a17b7419fB10Bd9D143f21407760fdA5C53,0x870aC11D48B15DB9a138Cf899d20F13F79Ba00BC,860000000000000000,2024-08-22 23:35:11.000000,2024-08-22 23:35:11.000000
0xe11d6281ee58fed7e4b908282df80ae018c02bed0328e7596579c112538948c0,0x2260FAC5E5542a773Aa44fBCfeDf7C193bc2C599,0x8236a87084f8B84306f72007F36F2618A5634494,0xa98105B8227E0f2157816Feb7A331364A9B74F80,0x870aC11D48B15DB9a138Cf899d20F13F79Ba00BC,915000000000000000,2024-08-23 11:21:23.000000,2024-08-23 11:21:23.000000
0x8431ee2659113aa76739b507fdfaa0bd07b450ea4dfd78919bb22d67f5f34d95,0x2260FAC5E5542a773Aa44fBCfeDf7C193bc2C599,0x8236a87084f8B84306f72007F36F2618A5634494,0xAe12416c1F21B0698c27fe042D9309C83baC6597,0x870aC11D48B15DB9a138Cf899d20F13F79Ba00BC,915000000000000000,2024-08-23 11:24:35.000000,2024-08-23 11:24:35.000000
0x82076a47f01513bb21a227c64f6c358c6748fe007155dac9f56d5524b2f1f512,0x2260FAC5E5542a773Aa44fBCfeDf7C193bc2C599,0x7f39C581F595B53c5cb19bD0b3f8dA6c935E2Ca0,0xAe12416c1F21B0698c27fe042D9309C83baC6597,0x870aC11D48B15DB9a138Cf899d20F13F79Ba00BC,915000000000000000,2024-08-23 11:26:23.000000,2024-08-23 11:26:23.000000
0x25bcb1c0b3dc48c6c24a5aaa2375c50a20287335d56a626fcefce8ff414d8c58,0x18084fbA666a33d37592fA2633fD49a74DD93a88,0x7f39C581F595B53c5cb19bD0b3f8dA6c935E2Ca0,0xf0Db32f5c678d02DD8EB1839e60F1fD16DBF49e2,0x870aC11D48B15DB9a138Cf899d20F13F79Ba00BC,860000000000000000,2024-08-23 11:48:59.000000,2024-08-23 11:48:59.000000
0x987118ea266c483fe0602f727b897f94a0dd3ff8032dd6cd36b4701d9bee8e6b,0x18084fbA666a33d37592fA2633fD49a74DD93a88,0x7f39C581F595B53c5cb19bD0b3f8dA6c935E2Ca0,0xf0Db32f5c678d02DD8EB1839e60F1fD16DBF49e2,0x870aC11D48B15DB9a138Cf899d20F13F79Ba00BC,915000000000000000,2024-08-23 11:51:59.000000,2024-08-23 11:51:59.000000
0x98e713d1f057fabc103ef0f3426cae0d55726bceb6bdc54302448cd31de3f1ad,0x2260FAC5E5542a773Aa44fBCfeDf7C193bc2C599,0x18084fbA666a33d37592fA2633fD49a74DD93a88,0x166bEFB14e5896Bb7958c07296Ab776930AeA89a,0x870aC11D48B15DB9a138Cf899d20F13F79Ba00BC,945000000000000000,2024-08-23 14:05:59.000000,2024-08-23 14:05:59.000000
0x7311366b78cee201e820a528ab20e3db948a2c4c26f97746debbd19c5947248b,0xA0b86991c6218b36c1d19D4a2e9Eb0cE3606eB48,0x5a097b014C547718e79030a077A91Ae37679EfF5,0x48848d4A645AD46C21015e44D703aa9b58d93aD9,0x870aC11D48B15DB9a138Cf899d20F13F79Ba00BC,860000000000000000,2024-08-23 15:23:35.000000,2024-08-23 15:23:35.000000
0xe2f94f4008be0aba556a7376f1aa0785cf21584761ae30a181935b665c4fc38c,0xA0b86991c6218b36c1d19D4a2e9Eb0cE3606eB48,0xB1A757A68D4a04a6B5A0F06d0cB4FD739048F614,0x24Dc7441b3486094BcE4aA782C91B30B57BD9dD7,0x870aC11D48B15DB9a138Cf899d20F13F79Ba00BC,860000000000000000,2024-08-23 15:40:35.000000,2024-08-23 15:40:35.000000
0x3f35b581cf7292b09fdaca648638ec8b53969e9f54ecb6ca0e6252bda70b1f64,0xA0b86991c6218b36c1d19D4a2e9Eb0cE3606eB48,0x547213367cfB08ab418E7b54d7883b2C2AA27Fd7,0x19458F400D93817503c5bF7558624cca09f2487e,0x870aC11D48B15DB9a138Cf899d20F13F79Ba00BC,860000000000000000,2024-08-23 21:40:59.000000,2024-08-23 21:40:59.000000
0x46981f15ab56d2fdff819d9c2b9c33ed9ce8086e0cce70939175ac7e55377c7f,0xA0b86991c6218b36c1d19D4a2e9Eb0cE3606eB48,0x83F20F44975D03b1b09e64809B757c47f942BEeA,0xd6361d441EA8Fd285F7cd8b7d406b424e50c5429,0x870aC11D48B15DB9a138Cf899d20F13F79Ba00BC,965000000000000000,2024-08-26 02:46:47.000000,2024-08-26 02:46:47.000000
0x5ffa710641fbb144618f351fbb57f74aed75ecd2ea3fced21d1c2fdb58763f50,0x00000000eFE302BEAA2b3e6e1b18d08D69a9012a,0x83F20F44975D03b1b09e64809B757c47f942BEeA,0xd6361d441EA8Fd285F7cd8b7d406b424e50c5429,0x870aC11D48B15DB9a138Cf899d20F13F79Ba00BC,965000000000000000,2024-08-26 17:52:11.000000,2024-08-26 17:52:11.000000
0xa92b15e14a894c10730434dd0cf2239101b2c1baedcf9abccd93076e4aebe364,0x57F5E098CaD7A3D1Eed53991D4d66C45C9AF7812,0x7f39C581F595B53c5cb19bD0b3f8dA6c935E2Ca0,0xdB565Ff31EB988123F0B2F5d019B2139708ef50D,0x870aC11D48B15DB9a138Cf899d20F13F79Ba00BC,860000000000000000,2024-08-27 13:30:35.000000,2024-08-27 13:30:35.000000
0xa240f4ced8f0847aff93013c353dbd667d37a7671a9e85df15ccc47a52fd66f2,0x57F5E098CaD7A3D1Eed53991D4d66C45C9AF7812,0x2260FAC5E5542a773Aa44fBCfeDf7C193bc2C599,0xfAc3Ef1d7a4762e295B176cbD4685129b48DE2b1,0x870aC11D48B15DB9a138Cf899d20F13F79Ba00BC,860000000000000000,2024-08-27 13:30:35.000000,2024-08-27 13:30:35.000000
0x8eaf7b29f02ba8d8c1d7aeb587403dcb16e2e943e4e2f5f94b0963c2386406c9,0xA0b86991c6218b36c1d19D4a2e9Eb0cE3606eB48,0x45804880De22913dAFE09f4980848ECE6EcbAf78,0xDd1778F71a4a1C6A0eFebd8AE9f8848634CE1101,0x870aC11D48B15DB9a138Cf899d20F13F79Ba00BC,915000000000000000,2024-08-30 15:50:47.000000,2024-08-30 15:50:47.000000
0xdf99a1e09b2a05d0f54a5fc4cc3de7ba9372eb0b7793cee58a18c385394bc05a,0x437cc33344a0B27A429f795ff6B469C72698B291,0x7f39C581F595B53c5cb19bD0b3f8dA6c935E2Ca0,0xBC693693fDBB177Ad05ff38633110016BC043AC5,0x870aC11D48B15DB9a138Cf899d20F13F79Ba00BC,860000000000000000,2024-09-03 10:24:23.000000,2024-09-03 10:24:23.000000
0xcc6fbc7f375c5d8206667dd9b1beac424983b2a5c850f1d429499fcc574ddb6c,0x437cc33344a0B27A429f795ff6B469C72698B291,0x2260FAC5E5542a773Aa44fBCfeDf7C193bc2C599,0x032F1C64899b2C89835E51aCeD9434b0aDEaA69d,0x870aC11D48B15DB9a138Cf899d20F13F79Ba00BC,860000000000000000,2024-09-03 10:24:23.000000,2024-09-03 10:24:23.000000
0x35b9438b7d90d478694dfbdba841571850902c1cc619c53c53eeee6e0a5804b0,0x09D4214C03D01F49544C0448DBE3A27f768F2b34,0x7f39C581F595B53c5cb19bD0b3f8dA6c935E2Ca0,0xBC693693fDBB177Ad05ff38633110016BC043AC5,0x870aC11D48B15DB9a138Cf899d20F13F79Ba00BC,860000000000000000,2024-09-03 10:42:11.000000,2024-09-03 10:42:11.000000
0x5c8a6157f109ab2af0d3be0b82134e67ee19dbd0c35f96ba8b89bb173faefb10,0x09D4214C03D01F49544C0448DBE3A27f768F2b34,0x2260FAC5E5542a773Aa44fBCfeDf7C193bc2C599,0x032F1C64899b2C89835E51aCeD9434b0aDEaA69d,0x870aC11D48B15DB9a138Cf899d20F13F79Ba00BC,860000000000000000,2024-09-03 10:42:11.000000,2024-09-03 10:42:11.000000
0x8b45b8c46b2a8d69fa6a6c1d18154089875a5e7d68977ad7b14099b6660e51c2,0x1aBaEA1f7C830bD89Acc67eC4af516284b1bC33c,0x0000000000000000000000000000000000000000,0x0000000000000000000000000000000000000000,0x0000000000000000000000000000000000000000,0,2024-09-03 13:19:11.000000,2024-09-03 13:19:11.000000
0x2287407f0f42ad5ad224f70e4d9da37f02770f79959df703d6cfee8afc548e0d,0xC02aaA39b223FE8D0A0e5C4F27eAD9083C756Cc2,0x7122985656e38BDC0302Db86685bb972b145bD3C,0xcF45D565252D56b5d377631982c8543e80a4c6a1,0x870aC11D48B15DB9a138Cf899d20F13F79Ba00BC,945000000000000000,2024-09-04 17:58:23.000000,2024-09-04 17:58:23.000000
0x64d65c9a2d91c36d56fbc42d69e979335320169b3df63bf92789e2c8883fcc64,0xA0b86991c6218b36c1d19D4a2e9Eb0cE3606eB48,0xcbB7C0000aB88B473b1f5aFd9ef808440eed33Bf,0xA6D6950c9F177F1De7f7757FB33539e3Ec60182a,0x870aC11D48B15DB9a138Cf899d20F13F79Ba00BC,860000000000000000,2024-09-04 22:51:23.000000,2024-09-04 22:51:23.000000
0x2cbfb38723a8d9a2ad1607015591a78cfe3a5949561b39bde42c242b22874ec0,0xC02aaA39b223FE8D0A0e5C4F27eAD9083C756Cc2,0xcbB7C0000aB88B473b1f5aFd9ef808440eed33Bf,0x8F653cCFEbA16cF2c0B0D16bc82Bd6756C64f5D4,0x870aC11D48B15DB9a138Cf899d20F13F79Ba00BC,915000000000000000,2024-09-04 22:51:23.000000,2024-09-04 22:51:23.000000
0x404567e12200f3db52df4ac233366f92015f21de716eaa3ea8425b3da5fc481e,0xdAC17F958D2ee523a2206206994597C13D831ec7,0xcbB7C0000aB88B473b1f5aFd9ef808440eed33Bf,0xA6D6950c9F177F1De7f7757FB33539e3Ec60182a,0x870aC11D48B15DB9a138Cf899d20F13F79Ba00BC,860000000000000000,2024-09-06 14:57:11.000000,2024-09-06 14:57:11.000000
0xb9c683303636f1907455ac7c10358ac95b1b61df2d2f972545bed0b9d02d8fdc,0x6c3ea9036406852006290770BEdFcAbA0e23A0e8,0xcbB7C0000aB88B473b1f5aFd9ef808440eed33Bf,0xA6D6950c9F177F1De7f7757FB33539e3Ec60182a,0x870aC11D48B15DB9a138Cf899d20F13F79Ba00BC,860000000000000000,2024-09-06 14:57:11.000000,2024-09-06 14:57:11.000000
0x4c35e54387d17e417f38689082cffea7df3c79d0e84eccd4721acfaa8717e5a9,0x57F5E098CaD7A3D1Eed53991D4d66C45C9AF7812,0xcbB7C0000aB88B473b1f5aFd9ef808440eed33Bf,0x11105336EAA0F9FA2d8ce3242F611A62D463f4cB,0x870aC11D48B15DB9a138Cf899d20F13F79Ba00BC,860000000000000000,2024-09-06 14:57:11.000000,2024-09-06 14:57:11.000000
0xe6eda5cbaf4a85736271d94bbf2ef93eb11ef7b3555370ab36e591abd443b1ab,0x437cc33344a0B27A429f795ff6B469C72698B291,0xcbB7C0000aB88B473b1f5aFd9ef808440eed33Bf,0xF7A0e51cebD98a31947CaE1DDa8C0717D10ADd61,0x870aC11D48B15DB9a138Cf899d20F13F79Ba00BC,860000000000000000,2024-09-06 14:57:11.000000,2024-09-06 14:57:11.000000
0xee1e6a6fc07ddf120c22fa8c076b5f2a3f538afebada0a5eff514c00dc99f6a7,0x09D4214C03D01F49544C0448DBE3A27f768F2b34,0xcbB7C0000aB88B473b1f5aFd9ef808440eed33Bf,0xF7A0e51cebD98a31947CaE1DDa8C0717D10ADd61,0x870aC11D48B15DB9a138Cf899d20F13F79Ba00BC,860000000000000000,2024-09-06 14:57:11.000000,2024-09-06 14:57:11.000000
0x226a59cd57c8c75ddaf440e2be68b92dbf8dafaed6a715290d0789d1fdc521c2,0xA0b86991c6218b36c1d19D4a2e9Eb0cE3606eB48,0x15700B564Ca08D9439C58cA5053166E8317aa138,0x0A19215Ffd2B1B3FC47C49EBD7Fa6BaEF8EA75a0,0x870aC11D48B15DB9a138Cf899d20F13F79Ba00BC,860000000000000000,2024-09-06 17:31:23.000000,2024-09-06 17:31:23.000000
0xbd1ad3b968f5f0552dbd8cf1989a62881407c5cccf9e49fb3657c8731caf0c1f,0xA0b86991c6218b36c1d19D4a2e9Eb0cE3606eB48,0x15700B564Ca08D9439C58cA5053166E8317aa138,0x1325Eb089Ac14B437E78D5D481e32611F6907eF8,0x870aC11D48B15DB9a138Cf899d20F13F79Ba00BC,860000000000000000,2024-09-06 18:13:35.000000,2024-09-06 18:13:35.000000
0x7182fd5e9c6a77156d6ac024d1e462b9ca3a85463961957a5e3d367c9ce44b84,0xA0b86991c6218b36c1d19D4a2e9Eb0cE3606eB48,0x15700B564Ca08D9439C58cA5053166E8317aa138,0x2aebFD1191F5a283298608002d30459a1cD7A24C,0x870aC11D48B15DB9a138Cf899d20F13F79Ba00BC,860000000000000000,2024-09-07 15:41:11.000000,2024-09-07 15:41:11.000000
0xf6422731a8f84d9ab7e8b6da15ab9ecc243e12a78200dfb7fd1cdf2391e38068,0xA0d69E286B938e21CBf7E51D71F6A4c8918f482F,0x0d86883FAf4FfD7aEb116390af37746F45b6f378,0xe35f86ba1626D7a4A5A0B2eB19eb74e7068d9e4C,0x870aC11D48B15DB9a138Cf899d20F13F79Ba00BC,860000000000000000,2024-09-14 05:27:11.000000,2024-09-14 05:27:11.000000
0x02e723fdfc0c26779c2c06bbf783e2f4d6aebd03cedc1806981b742f1a644105,0xdC035D45d973E3EC169d2276DDab16f1e407384F,0x0000000000000000000000000000000000000000,0x0000000000000000000000000000000000000000,0x0000000000000000000000000000000000000000,0,2024-09-15 15:13:35.000000,2024-09-15 15:13:35.000000
0xb1963517b52c4315a4ed5f6811aee279ab7adc90d9dfbd8f187e05f2758f4d1a,0x45804880De22913dAFE09f4980848ECE6EcbAf78,0x0000000000000000000000000000000000000000,0x0000000000000000000000000000000000000000,0x0000000000000000000000000000000000000000,0,2024-09-15 15:13:35.000000,2024-09-15 15:13:35.000000
0x5f8a138ba332398a9116910f4d5e5dcd9b207024c5290ce5bc87bc2dbd8e4a86,0xC02aaA39b223FE8D0A0e5C4F27eAD9083C756Cc2,0xE72B141DF173b999AE7c1aDcbF60Cc9833Ce56a8,0x0705CDc1e56f837D7F97Bc2bAE36bE3670dA02C0,0x870aC11D48B15DB9a138Cf899d20F13F79Ba00BC,945000000000000000,2024-09-16 13:28:11.000000,2024-09-16 13:28:11.000000
0x7559acbcb98c2e10bc157ffb52c71687981cde4bed78861bfd1199da9eff9cd8,0xdAC17F958D2ee523a2206206994597C13D831ec7,0x35D8949372D46B7a3D5A56006AE77B215fc69bC0,0x1325Eb089Ac14B437E78D5D481e32611F6907eF8,0x870aC11D48B15DB9a138Cf899d20F13F79Ba00BC,860000000000000000,2024-09-16 13:33:35.000000,2024-09-16 13:33:35.000000
0xdcfd3558f75a13a3c430ee71df056b5570cbd628da91e33c27eec7c42603247b,0xA0b86991c6218b36c1d19D4a2e9Eb0cE3606eB48,0xa3931d71877C0E7a3148CB7Eb4463524FEc27fbD,0x6f2B373A397464090645c726eE6685123afEE36f,0x870aC11D48B15DB9a138Cf899d20F13F79Ba00BC,945000000000000000,2024-09-16 17:45:23.000000,2024-09-16 17:45:23.000000
0x26e7fcd32471786bb15ee4586cb3ccd36d6062f1fa294eee7b64b2df0b9f82cf,0xdAC17F958D2ee523a2206206994597C13D831ec7,0xa3931d71877C0E7a3148CB7Eb4463524FEc27fbD,0x9F48b0791C701be7a51B66A4e550A5f0B52A8f5e,0x870aC11D48B15DB9a138Cf899d20F13F79Ba00BC,945000000000000000,2024-09-16 17:45:23.000000,2024-09-16 17:45:23.000000
0xc124e76fe8373c4ab7be3b53342b701cdc9b05b432ea5bba792696097df4211c,0xC02aaA39b223FE8D0A0e5C4F27eAD9083C756Cc2,0xa3931d71877C0E7a3148CB7Eb4463524FEc27fbD,0x0C426d174FC88B7A25d59945Ab2F7274Bf7B4C79,0x870aC11D48B15DB9a138Cf899d20F13F79Ba00BC,860000000000000000,2024-09-16 17:45:23.000000,2024-09-16 17:45:23.000000
0xa891e13072bbe6a7f22f0715e93a7780779cf081d53876f2458d836f11a074f9,0xA0b86991c6218b36c1d19D4a2e9Eb0cE3606eB48,0xcbB7C0000aB88B473b1f5aFd9ef808440eed33Bf,0xA93e3B4A671F2E84b62e6A5845F98292c802484d,0x870aC11D48B15DB9a138Cf899d20F13F79Ba00BC,915000000000000000,2024-09-17 00:11:11.000000,2024-09-17 00:11:11.000000
0x6463cfbf0e1d061072cce8b2286d70d264c75670ebf8ee1691283822f82cb7cc,0xC02aaA39b223FE8D0A0e5C4F27eAD9083C756Cc2,0xcbB7C0000aB88B473b1f5aFd9ef808440eed33Bf,0xe9c732C1f1E97F452450eC1c112D7ADB264514bD,0x870aC11D48B15DB9a138Cf899d20F13F79Ba00BC,915000000000000000,2024-09-17 00:18:11.000000,2024-09-17 00:18:11.000000
0x41804f16e23280afd7dedc15c7c4675d44259c71699b565826684dd512dc0127,0xA0b86991c6218b36c1d19D4a2e9Eb0cE3606eB48,0xcbB7C0000aB88B473b1f5aFd9ef808440eed33Bf,0xA93e3B4A671F2E84b62e6A5845F98292c802484d,0x870aC11D48B15DB9a138Cf899d20F13F79Ba00BC,860000000000000000,2024-09-17 00:21:35.000000,2024-09-17 00:21:35.000000
0x67c633b6e31241cc04d4a2e0fc295172ab037815d541ef37b6701e2d3abfcb5c,0xdAC17F958D2ee523a2206206994597C13D831ec7,0xcbB7C0000aB88B473b1f5aFd9ef808440eed33Bf,0xA93e3B4A671F2E84b62e6A5845F98292c802484d,0x870aC11D48B15DB9a138Cf899d20F13F79Ba00BC,860000000000000000,2024-09-17 00:22:59.000000,2024-09-17 00:22:59.000000
0xb8cbb001b00106604cff07b01d3868d65cd47b3030bbdfcf6e279a2fa09c6b28,0x2260FAC5E5542a773Aa44fBCfeDf7C193bc2C599,0x004E9C3EF86bc1ca1f0bB5C7662861Ee93350568,0xDFE625A283f7D7a24672D9c58A1CCfFb9846Fd9e,0x870aC11D48B15DB9a138Cf899d20F13F79Ba00BC,860000000000000000,2024-09-17 15:00:35.000000,2024-09-17 15:00:35.000000
0xb5b0ff0fccf16dff5bef6d2d001d60f5c4ab49df1020a01073d3ad635c80e8d5,0xdAC17F958D2ee523a2206206994597C13D831ec7,0xa3931d71877C0E7a3148CB7Eb4463524FEc27fbD,0x0C426d174FC88B7A25d59945Ab2F7274Bf7B4C79,0x870aC11D48B15DB9a138Cf899d20F13F79Ba00BC,945000000000000000,2024-09-18 20:15:23.000000,2024-09-18 20:15:23.000000
0xbed21964cf290ab95fa458da6c1f302f2278aec5f897c1b1da3054553ef5e90c,0xC02aaA39b223FE8D0A0e5C4F27eAD9083C756Cc2,0xa3931d71877C0E7a3148CB7Eb4463524FEc27fbD,0x9F48b0791C701be7a51B66A4e550A5f0B52A8f5e,0x870aC11D48B15DB9a138Cf899d20F13F79Ba00BC,860000000000000000,2024-09-18 20:15:23.000000,2024-09-18 20:15:23.000000
0x3b59533a1db6a2eefc67952c25b864f542fa2e5e099945ae7401d15cf712388f,0x73A15FeD60Bf67631dC6cd7Bc5B6e8da8190aCF5,0x8236a87084f8B84306f72007F36F2618A5634494,0xCAFd2c1BF29c3c52C54a53E6ad30abC98652EA23,0x870aC11D48B15DB9a138Cf899d20F13F79Ba00BC,860000000000000000,2024-09-20 14:35:59.000000,2024-09-20 14:35:59.000000
0x935faae97f5784dc97fba3c6ec072186ad9dbbf16368431c38f6a8b7fc3ec9a3,0xC02aaA39b223FE8D0A0e5C4F27eAD9083C756Cc2,0xcbB7C0000aB88B473b1f5aFd9ef808440eed33Bf,0x0fd64ae6F4Ec9862D70018a594c8e6c5b42c2E10,0x870aC11D48B15DB9a138Cf899d20F13F79Ba00BC,915000000000000000,2024-09-22 12:42:35.000000,2024-09-22 12:42:35.000000
0x2b8019e6b9bd3a6cb615c5ff73c21bb514cdbc30d1f7a797c082e5975500ef4b,0xdAC17F958D2ee523a2206206994597C13D831ec7,0xcbB7C0000aB88B473b1f5aFd9ef808440eed33Bf,0x76d14b72A9468c2895f8697AF71294e32b1B7249,0x870aC11D48B15DB9a138Cf899d20F13F79Ba00BC,860000000000000000,2024-09-22 12:44:23.000000,2024-09-22 12:44:23.000000
0xdbd8f3e55e5005a3922e3df4b1ba636ff9998b94588597420281e3641a05bf59,0xA0b86991c6218b36c1d19D4a2e9Eb0cE3606eB48,0xcbB7C0000aB88B473b1f5aFd9ef808440eed33Bf,0x830dEBC0aD17716311a8A3eB41C9e11c6d4D509A,0x870aC11D48B15DB9a138Cf899d20F13F79Ba00BC,860000000000000000,2024-09-22 12:45:47.000000,2024-09-22 12:45:47.000000
0xec835d2d3b595545ef574b44893e3a594863617e2dad84d551566324ef253e8d,0x73A15FeD60Bf67631dC6cd7Bc5B6e8da8190aCF5,0x0000000000000000000000000000000000000000,0x0000000000000000000000000000000000000000,0x0000000000000000000000000000000000000000,0,2024-09-23 10:41:35.000000,2024-09-23 10:41:35.000000
0x37e7484d642d90f14451f1910ba4b7b8e4c3ccdd0ec28f8b2bdb35479e472ba7,0xC02aaA39b223FE8D0A0e5C4F27eAD9083C756Cc2,0xCd5fE23C85820F7B72D0926FC9b05b43E359b7ee,0xbDd2F2D473E8D63d1BFb0185B5bDB8046ca48a72,0x870aC11D48B15DB9a138Cf899d20F13F79Ba00BC,945000000000000000,2024-09-23 23:13:23.000000,2024-09-23 23:13:23.000000
0x61765602144e91e5ac9f9e98b8584eae308f9951596fd7f5e0f59f21cd2bf664,0xA0b86991c6218b36c1d19D4a2e9Eb0cE3606eB48,0xCd5fE23C85820F7B72D0926FC9b05b43E359b7ee,0x5635a2F38c5dFd1d8fDB176d9CB5AEFA07bf6A68,0x870aC11D48B15DB9a138Cf899d20F13F79Ba00BC,860000000000000000,2024-09-23 23:13:59.000000,2024-09-23 23:13:59.000000
0xc4e18eb6d0e9b0fa90a15bc0a98190cbf3d5ba763af410346f5174b014cefd8d,0x00000000eFE302BEAA2b3e6e1b18d08D69a9012a,0x9D39A5DE30e57443BfF2A8307A4256c8797A3497,0x873CD44b860DEDFe139f93e12A4AcCa0926Ffb87,0x870aC11D48B15DB9a138Cf899d20F13F79Ba00BC,945000000000000000,2024-09-24 00:57:47.000000,2024-09-24 00:57:47.000000
0xe04a6c17bd59c9fcbc2bcf0035be0e78974f2741b15dc079635e2f0137d38f2c,0xcbB7C0000aB88B473b1f5aFd9ef808440eed33Bf,0x0000000000000000000000000000000000000000,0x0000000000000000000000000000000000000000,0x0000000000000000000000000000000000000000,0,2024-09-25 02:43:47.000000,2024-09-25 02:43:47.000000
0x1d2292732e18f5fdd7c39b22cf7baa9b021fa36e67fdb1fa531a13acdd1a7bfb,0xcbB7C0000aB88B473b1f5aFd9ef808440eed33Bf,0x8236a87084f8B84306f72007F36F2618A5634494,0x1Ce1a1e68F26019CAf5E823A56e300755D70D078,0x870aC11D48B15DB9a138Cf899d20F13F79Ba00BC,860000000000000000,2024-09-25 02:43:47.000000,2024-09-25 02:43:47.000000
0xe6a832e464f2afc8639ae6982c6dc06520b43a85babcddfd892781bbc95ad280,0xA0b86991c6218b36c1d19D4a2e9Eb0cE3606eB48,0x270d664d2Fc7D962012a787Aec8661CA83DF24EB,0x360f5B35aac22CBbd8F0b6E916DaAeD1013FEaED,0x870aC11D48B15DB9a138Cf899d20F13F79Ba00BC,860000000000000000,2024-09-25 22:55:23.000000,2024-09-25 22:55:23.000000
0xeea9a2431eba248f1cc4d8d3d2a34b31cbf4884ecc602f9270372f892a2ba185,0x6c3ea9036406852006290770BEdFcAbA0e23A0e8,0x45804880De22913dAFE09f4980848ECE6EcbAf78,0xa0514F4035F013941cf63C203dCED759C95CFACE,0x870aC11D48B15DB9a138Cf899d20F13F79Ba00BC,770000000000000000,2024-09-26 13:43:11.000000,2024-09-26 13:43:11.000000
0xba761af4134efb0855adfba638945f454f0a704af11fc93439e20c7c5ebab942,0xC02aaA39b223FE8D0A0e5C4F27eAD9083C756Cc2,0xA1290d69c65A6Fe4DF752f95823fae25cB99e5A7,0x2A2658Fc208Ed00e11D96d3F7470618924466877,0x870aC11D48B15DB9a138Cf899d20F13F79Ba00BC,945000000000000000,2024-09-27 00:50:23.000000,2024-09-27 00:50:23.000000
0x2daab4eb520e7eab0a6d432d2edfb11775c9544a6b5e441c2e0f74abcd48f975,0xA0b86991c6218b36c1d19D4a2e9Eb0cE3606eB48,0x270d664d2Fc7D962012a787Aec8661CA83DF24EB,0xf782f01FF276a28D3c43e8034aD84508671c9ff3,0x870aC11D48B15DB9a138Cf899d20F13F79Ba00BC,860000000000000000,2024-09-27 13:41:59.000000,2024-09-27 13:41:59.000000
0x35669bebe1faac708df40050c4841b841e00b3b7a51fb7e091361dd0f3d3b52c,0x0000206329b97DB379d5E1Bf586BbDB969C63274,0x270d664d2Fc7D962012a787Aec8661CA83DF24EB,0x360f5B35aac22CBbd8F0b6E916DaAeD1013FEaED,0x870aC11D48B15DB9a138Cf899d20F13F79Ba00BC,915000000000000000,2024-10-01 10:39:11.000000,2024-10-01 10:39:11.000000
0x2adbada2c9997b34fd547f82f193ee582d17ce4d9347be55f04b561d1f742b81,0x64351fC9810aDAd17A690E4e1717Df5e7e085160,0x0000000000000000000000000000000000000000,0x0000000000000000000000000000000000000000,0x0000000000000000000000000000000000000000,0,2024-10-01 17:58:11.000000,2024-10-01 17:58:11.000000
0x0d55c325847ed87d53506c2aca7de046cb59d8c22928fd55fb2790c4811d20db,0x64351fC9810aDAd17A690E4e1717Df5e7e085160,0xFAe103DC9cf190eD75350761e95403b7b8aFa6c0,0x56e2d0957d2376dF4A0519b91D1Fa19D2d63bd9b,0x870aC11D48B15DB9a138Cf899d20F13F79Ba00BC,945000000000000000,2024-10-01 20:45:23.000000,2024-10-01 20:45:23.000000
0x87a3e5dbcd822f2a543bea1365b7dd99ad9a1cb460061278319732e63207c792,0xC02aaA39b223FE8D0A0e5C4F27eAD9083C756Cc2,0x0A2b94F6871c1D7A32Fe58E1ab5e6deA2f114E56,0xA16104e432595B34Bd49c31D5Be2Fecc83a88867,0x870aC11D48B15DB9a138Cf899d20F13F79Ba00BC,860000000000000000,2024-10-02 22:21:47.000000,2024-10-02 22:21:47.000000
0xb98ad8501bd97ce0684b30b3645e31713e658e98d1955e8b677fb2585eaa9893,0xA0b86991c6218b36c1d19D4a2e9Eb0cE3606eB48,0xDD629E5241CbC5919847783e6C96B2De4754e438,0x253aACb28f65f2C835Bd3eaB89c67447001F3041,0x870aC11D48B15DB9a138Cf899d20F13F79Ba00BC,965000000000000000,2024-10-03 01:45:11.000000,2024-10-03 01:45:11.000000
0x444bbce85350aae535b037d090c8bdf6cc4cfc6d79e17725413b4cb0f6183ad4,0xcbB7C0000aB88B473b1f5aFd9ef808440eed33Bf,0x8236a87084f8B84306f72007F36F2618A5634494,0x1Ce1a1e68F26019CAf5E823A56e300755D70D078,0x870aC11D48B15DB9a138Cf899d20F13F79Ba00BC,945000000000000000,2024-10-03 20:28:35.000000,2024-10-03 20:28:35.000000
0xe37784e5ff9c2795395c5a41a0cb7ae1da4a93d67bfdd8654b9ff86b3065941c,0x6B175474E89094C44Da98b954EedeAC495271d0F,0xEe9085fC268F6727d5D4293dBABccF901ffDCC29,0x81E5E28F33D314e9211885d6f0F4080E755e4595,0x870aC11D48B15DB9a138Cf899d20F13F79Ba00BC,915000000000000000,2024-10-04 18:06:59.000000,2024-10-04 18:06:59.000000
0xe95187ba4e7668ab4434bbb17d1dfd7b87e878242eee3e73dac9fdb79a4d0d99,0xA0b86991c6218b36c1d19D4a2e9Eb0cE3606eB48,0xec53bF9167f50cDEB3Ae105f56099aaaB9061F83,0x9cfc49118bF066a1255a1A923890940594fd5770,0x870aC11D48B15DB9a138Cf899d20F13F79Ba00BC,770000000000000000,2024-10-05 03:18:59.000000,2024-10-05 03:18:59.000000
0xab4e2a2b60871cbbe808841b1debc1eea1a8a72a9a7bb03f9143a4fee87749fd,0xC02aaA39b223FE8D0A0e5C4F27eAD9083C756Cc2,0xec53bF9167f50cDEB3Ae105f56099aaaB9061F83,0xEBD18969356f629027cCdf69f42ce417b215ad58,0x870aC11D48B15DB9a138Cf899d20F13F79Ba00BC,770000000000000000,2024-10-05 03:20:35.000000,2024-10-05 03:20:35.000000
0x5e3e6b1e01c5708055548d82d01db741e37d03b948a7ef9f3d4b962648bcbfa7,0x6B175474E89094C44Da98b954EedeAC495271d0F,0xE00bd3Df25fb187d6ABBB620b3dfd19839947b81,0x38d130cEe60CDa080A3b3aC94C79c34B6Fc919A7,0x870aC11D48B15DB9a138Cf899d20F13F79Ba00BC,915000000000000000,2024-10-05 18:24:59.000000,2024-10-05 18:24:59.000000
0x0bdde77fdaeaea9bd6e2a91021bf26c2b97a1c25d2070caaa10504698ab9159e,0x6c3ea9036406852006290770BEdFcAbA0e23A0e8,0x7751E2F4b8ae93EF6B79d86419d42FE3295A4559,0x0A1577C7EcA50871EeCAb68E799F2EFa69F1fa96,0x870aC11D48B15DB9a138Cf899d20F13F79Ba00BC,980000000000000000,2024-10-07 12:27:59.000000,2024-10-07 12:27:59.000000
0x2f9af50d3349c6d4dc33281ce16f97ec8a9b89baa21ffd88b3fbb9a34a90b036,0x7751E2F4b8ae93EF6B79d86419d42FE3295A4559,0x0000000000000000000000000000000000000000,0x0000000000000000000000000000000000000000,0x0000000000000000000000000000000000000000,0,2024-10-07 12:27:59.000000,2024-10-07 12:27:59.000000
0xfd3e5c20340aeba93f78f7dc4657dc1e11b553c68c545acc836321a14b47e457,0x7751E2F4b8ae93EF6B79d86419d42FE3295A4559,0x7f39C581F595B53c5cb19bD0b3f8dA6c935E2Ca0,0xFb4b72b632CEC456321fEe556b7D4c9Af8D455e1,0x870aC11D48B15DB9a138Cf899d20F13F79Ba00BC,860000000000000000,2024-10-07 12:27:59.000000,2024-10-07 12:27:59.000000
0x50e26162f35945381884ea34bf5c1d5d9f15c9305febbc1f890c916963ba0f2b,0x7751E2F4b8ae93EF6B79d86419d42FE3295A4559,0x2260FAC5E5542a773Aa44fBCfeDf7C193bc2C599,0x715c67c9b32ccF70C24539978649E80a4E4950Bd,0x870aC11D48B15DB9a138Cf899d20F13F79Ba00BC,860000000000000000,2024-10-07 12:27:59.000000,2024-10-07 12:27:59.000000
0x64d6a777c466c2eb82a1efb4814aa2eab673a95e66fc229fea54125608e6f342,0x437cc33344a0B27A429f795ff6B469C72698B291,0x35D8949372D46B7a3D5A56006AE77B215fc69bC0,0x1325Eb089Ac14B437E78D5D481e32611F6907eF8,0x870aC11D48B15DB9a138Cf899d20F13F79Ba00BC,860000000000000000,2024-10-09 23:17:47.000000,2024-10-09 23:17:47.000000
0xbe29c9313655657b82c2e4e1e0eddb2fb581faf74a98eb6d3b7592ab78b26e86,0xA0b86991c6218b36c1d19D4a2e9Eb0cE3606eB48,0xA0b86991c6218b36c1d19D4a2e9Eb0cE3606eB48,0x504188EfF00DB6137010dE02C26b3f72c25eE1f1,0x870aC11D48B15DB9a138Cf899d20F13F79Ba00BC,860000000000000000,2024-10-13 13:25:23.000000,2024-10-13 13:25:23.000000
0x6b50b52c8221565d68441a2e5daa3fce8077cdf2e34ff69ef9716c22b4a8b138,0xA0b86991c6218b36c1d19D4a2e9Eb0cE3606eB48,0xA0b86991c6218b36c1d19D4a2e9Eb0cE3606eB48,0xd8361b98590293d9A45DdeFC831F077BbBD320CC,0x870aC11D48B15DB9a138Cf899d20F13F79Ba00BC,860000000000000000,2024-10-13 13:25:23.000000,2024-10-13 13:25:23.000000
0xe89ac5b1d916e24093b9d08893aec4c8fc26a517831cc00f21d047f578edb9cf,0xA0b86991c6218b36c1d19D4a2e9Eb0cE3606eB48,0xA663B02CF0a4b149d2aD41910CB81e23e1c41c32,0x504188EfF00DB6137010dE02C26b3f72c25eE1f1,0x870aC11D48B15DB9a138Cf899d20F13F79Ba00BC,860000000000000000,2024-10-14 13:03:47.000000,2024-10-14 13:03:47.000000
0x65d5c83561b2ef3084732e26408332ec10ff2fffa1a31fc19a5fdffd009684e7,0xA0b86991c6218b36c1d19D4a2e9Eb0cE3606eB48,0xA663B02CF0a4b149d2aD41910CB81e23e1c41c32,0xd8361b98590293d9A45DdeFC831F077BbBD320CC,0x870aC11D48B15DB9a138Cf899d20F13F79Ba00BC,860000000000000000,2024-10-14 13:04:35.000000,2024-10-14 13:04:35.000000
0x9a9a96b822945c73eb7395edca049ba942adc597878854e4502148fa6c2480c8,0xA0b86991c6218b36c1d19D4a2e9Eb0cE3606eB48,0x1202F5C7b4B9E47a1A484E8B270be34dbbC75055,0x874514c2CA3512258C5C8194A7234A06860B080B,0x870aC11D48B15DB9a138Cf899d20F13F79Ba00BC,860000000000000000,2024-10-20 15:23:35.000000,2024-10-20 15:23:35.000000
0x19e3b4f8dba2571dca8ec5f4babf5031d26fd0a17c6357162c2b66bd254930dd,0x437cc33344a0B27A429f795ff6B469C72698B291,0x2260FAC5E5542a773Aa44fBCfeDf7C193bc2C599,0x09dbf9502d43445b33883837a51D06Fc9B9CdEC4,0x870aC11D48B15DB9a138Cf899d20F13F79Ba00BC,860000000000000000,2024-10-22 16:18:35.000000,2024-10-22 16:18:35.000000
0x5891e1a10d90840de3267086b4e9f56b051e6f1c0b622f5c5021481509371637,0x437cc33344a0B27A429f795ff6B469C72698B291,0x7f39C581F595B53c5cb19bD0b3f8dA6c935E2Ca0,0x038CE929913fF768D7cB1EF439FF23C6210a7A03,0x870aC11D48B15DB9a138Cf899d20F13F79Ba00BC,860000000000000000,2024-10-22 16:18:35.000000,2024-10-22 16:18:35.000000
0xfc91948b556d7529ad6f5318825286ed2c34d862427b4832817e880a7edbd16e,0xA0b86991c6218b36c1d19D4a2e9Eb0cE3606eB48,0x5BaE9a5D67d1CA5b09B14c91935f635CFBF3b685,0xE316c92D2B1f50a53E72461856fD50b2519e5800,0x870aC11D48B15DB9a138Cf899d20F13F79Ba00BC,860000000000000000,2024-10-23 01:07:23.000000,2024-10-23 01:07:23.000000
0x8411eeb07c8e32de0b3784b6b967346a45593bfd8baeb291cc209dc195c7b3ad,0xA0b86991c6218b36c1d19D4a2e9Eb0cE3606eB48,0x5BaE9a5D67d1CA5b09B14c91935f635CFBF3b685,0xE316c92D2B1f50a53E72461856fD50b2519e5800,0x870aC11D48B15DB9a138Cf899d20F13F79Ba00BC,915000000000000000,2024-10-24 18:23:59.000000,2024-10-24 18:23:59.000000
0x444327b909aa41043cc4f20209eefb2fbb37f1c38ff9ca312374a4ecc3f0a871,0xA0b86991c6218b36c1d19D4a2e9Eb0cE3606eB48,0x7A56E1C57C7475CCf742a1832B028F0456652F97,0xe769524ab359F3DBf87187bB7Da6c7Cb3638af96,0x870aC11D48B15DB9a138Cf899d20F13F79Ba00BC,860000000000000000,2024-10-28 14:12:59.000000,2024-10-28 14:12:59.000000
0x351c12a2747b369ee31eb3b4f8814e34ce4909c8a361810c31d51f5ed2ab4239,0xcbB7C0000aB88B473b1f5aFd9ef808440eed33Bf,0xF469fBD2abcd6B9de8E169d128226C0Fc90a012e,0x427C6C90bFcbb69e0Df2e7Ac0aBeDEe7001b9EAc,0x870aC11D48B15DB9a138Cf899d20F13F79Ba00BC,945000000000000000,2024-10-28 16:14:23.000000,2024-10-28 16:14:23.000000
0x18b52e40c13af881209b78e14bdd5f094a6c7fa39ce411e0d119e9201f71dc20,0x2260FAC5E5542a773Aa44fBCfeDf7C193bc2C599,0xF469fBD2abcd6B9de8E169d128226C0Fc90a012e,0x427C6C90bFcbb69e0Df2e7Ac0aBeDEe7001b9EAc,0x870aC11D48B15DB9a138Cf899d20F13F79Ba00BC,945000000000000000,2024-10-28 16:14:59.000000,2024-10-28 16:14:59.000000
0x346afa2b6d528222a2f9721ded6e7e2c40ac94877a598f5dae5013c651d2a462,0xA0b86991c6218b36c1d19D4a2e9Eb0cE3606eB48,0xE00bd3Df25fb187d6ABBB620b3dfd19839947b81,0x9c0174fE7748F318dcB7300b93B170b6026280B0,0x870aC11D48B15DB9a138Cf899d20F13F79Ba00BC,915000000000000000,2024-10-29 18:15:23.000000,2024-10-29 18:15:23.000000
0x11db9f2c7bda8c2af6a6a72db18aa5eb9290cb99cf75a3c0abacf1b84b8eaf77,0xC02aaA39b223FE8D0A0e5C4F27eAD9083C756Cc2,0x5fD13359Ba15A84B76f7F87568309040176167cd,0x0642aaB8ca0a9F3784ea59988c47D4cCe6056Aee,0x870aC11D48B15DB9a138Cf899d20F13F79Ba00BC,860000000000000000,2024-10-29 21:02:35.000000,2024-10-29 21:02:35.000000
0x0af7f7f961ccf778fcc40f0a43d2878cc595fd81203e1a9fea1b65266805cf32,0xA0b86991c6218b36c1d19D4a2e9Eb0cE3606eB48,0x14d60E7FDC0D71d8611742720E4C50E7a974020c,0xC0D8DCD624dD8DacA93E719b83C071e2A632D9Da,0x870aC11D48B15DB9a138Cf899d20F13F79Ba00BC,965000000000000000,2024-10-31 22:18:11.000000,2024-10-31 22:18:11.000000
0x486cee17fb967ec0235388fa7fdcd24082ae1c2842a4a5dda0d01960117ce52e,0xA0b86991c6218b36c1d19D4a2e9Eb0cE3606eB48,0x80ac24aA929eaF5013f6436cdA2a7ba190f5Cc0b,0x426e271cD65cf6745C729Fcc09CF2295BF444f80,0x870aC11D48B15DB9a138Cf899d20F13F79Ba00BC,860000000000000000,2024-11-01 11:04:59.000000,2024-11-01 11:04:59.000000
0x1a2d4bcea7613222d476d4265ab6615aae3bcf25be2bc84bec47000ef1451584,0x09D4214C03D01F49544C0448DBE3A27f768F2b34,0x738d1115B90efa71AE468F1287fc864775e23a31,0xC9F335B9C952883aa6806501990D030c0Efc9AFd,0x870aC11D48B15DB9a138Cf899d20F13F79Ba00BC,980000000000000000,2024-11-02 09:40:47.000000,2024-11-02 09:40:47.000000
0xc84cdb5a63207d8c2e7251f758a435c6bd10b4eaefdaf36d7650159bf035962e,0x09D4214C03D01F49544C0448DBE3A27f768F2b34,0x738d1115B90efa71AE468F1287fc864775e23a31,0x3aBB61053F4b18AA8fd95B7802Cb2E27B61Ab43a,0x870aC11D48B15DB9a138Cf899d20F13F79Ba00BC,980000000000000000,2024-11-02 17:24:35.000000,2024-11-02 17:24:35.000000
0x008cbf30b3a54f2ba03bed5f6d27cca523fa5b80b8324c4aa6806a1f05a89b9b,0xcbB7C0000aB88B473b1f5aFd9ef808440eed33Bf,0xEc5a52C685CC3Ad79a6a347aBACe330d69e0b1eD,0x309b563107f6AfBEa888acF1E1BffE0dB8a8d08B,0x870aC11D48B15DB9a138Cf899d20F13F79Ba00BC,915000000000000000,2024-11-05 13:47:23.000000,2024-11-05 13:47:23.000000
0x028360c22e2ba7d771e700a291c6505a2c3c69c357ac2aa074d920758bce87b6,0x23e479ddcda990E8523494895759bD98cD2fDBF6,0xcbB7C0000aB88B473b1f5aFd9ef808440eed33Bf,0x309b563107f6AfBEa888acF1E1BffE0dB8a8d08B,0x870aC11D48B15DB9a138Cf899d20F13F79Ba00BC,915000000000000000,2024-11-05 14:51:59.000000,2024-11-05 14:51:59.000000
0xd7ae2bdded0d72367b68b87b60419b349cb47404b532b5bf7330bd2d535dfef6,0x23e479ddcda990E8523494895759bD98cD2fDBF6,0x2260FAC5E5542a773Aa44fBCfeDf7C193bc2C599,0x309b563107f6AfBEa888acF1E1BffE0dB8a8d08B,0x870aC11D48B15DB9a138Cf899d20F13F79Ba00BC,915000000000000000,2024-11-05 14:52:35.000000,2024-11-05 14:52:35.000000
0xcfd9f683c6ab4b3c95e450e3faaf582c2b5fe938ef7405c4d60f2e9fd77415cc,0x2260FAC5E5542a773Aa44fBCfeDf7C193bc2C599,0x23e479ddcda990E8523494895759bD98cD2fDBF6,0x309b563107f6AfBEa888acF1E1BffE0dB8a8d08B,0x870aC11D48B15DB9a138Cf899d20F13F79Ba00BC,915000000000000000,2024-11-05 15:02:23.000000,2024-11-05 15:02:23.000000
0x7bf57130cf88dcfe052a4cfd6c7cce28ec7d0be7264f2a6b8a3b3f1b2fb02494,0xcbB7C0000aB88B473b1f5aFd9ef808440eed33Bf,0x23e479ddcda990E8523494895759bD98cD2fDBF6,0x309b563107f6AfBEa888acF1E1BffE0dB8a8d08B,0x870aC11D48B15DB9a138Cf899d20F13F79Ba00BC,915000000000000000,2024-11-05 15:02:59.000000,2024-11-05 15:02:59.000000
0x0f7d9d8eb89097a0addacda1b3fe12fb7ce1ee3a6fd9059d9e67395389005819,0xA0b86991c6218b36c1d19D4a2e9Eb0cE3606eB48,0xA8778DD6B7f1F61f2CFda5D3cB18be8F99A8dB30,0x81E5E28F33D314e9211885d6f0F4080E755e4595,0x870aC11D48B15DB9a138Cf899d20F13F79Ba00BC,945000000000000000,2024-11-06 16:15:47.000000,2024-11-06 16:15:47.000000
0x198132864e7974fb451dfebeb098b3b7e7e65566667fb1cf1116db4fb2ad23f9,0x2260FAC5E5542a773Aa44fBCfeDf7C193bc2C599,0xEc5a52C685CC3Ad79a6a347aBACe330d69e0b1eD,0xbeB935DC2ce0Bf829F37D7fb147144E7AF0a0D91,0x870aC11D48B15DB9a138Cf899d20F13F79Ba00BC,860000000000000000,2024-11-08 02:13:11.000000,2024-11-08 02:13:11.000000
0x5739f22793593f94fead5875cc7423bbbd47355714af64a5f55368bec0f0b9fe,0x2260FAC5E5542a773Aa44fBCfeDf7C193bc2C599,0x23e479ddcda990E8523494895759bD98cD2fDBF6,0xFEe9B887e04eB7F54EB3977df4EeCAD0B0CBda5A,0x870aC11D48B15DB9a138Cf899d20F13F79Ba00BC,860000000000000000,2024-11-08 02:14:47.000000,2024-11-08 02:14:47.000000
0xa3e20a0e33357222868bc091ce27bf08096c0f30c300b85f027e4ac7b7b56766,0x2260FAC5E5542a773Aa44fBCfeDf7C193bc2C599,0x23e479ddcda990E8523494895759bD98cD2fDBF6,0x3A7bB36Ee3f3eE32A60e9f2b33c1e5f2E83ad766,0x870aC11D48B15DB9a138Cf899d20F13F79Ba00BC,860000000000000000,2024-11-08 10:58:47.000000,2024-11-08 10:58:47.000000
0xbfe12269a41fd7231af57357882a1043cc5181ae1ef390ba6086777858c278c1,0x2260FAC5E5542a773Aa44fBCfeDf7C193bc2C599,0x23e479ddcda990E8523494895759bD98cD2fDBF6,0x94C2DfA8917F1657a55D1d604fd31C930A10Bca3,0x870aC11D48B15DB9a138Cf899d20F13F79Ba00BC,860000000000000000,2024-11-08 12:17:35.000000,2024-11-08 12:17:35.000000
0x8b4497306e4ef6e4a61d8f1bd0965edfc14e0c92e1f45f6f7b7df65ef001827b,0x2260FAC5E5542a773Aa44fBCfeDf7C193bc2C599,0x23e479ddcda990E8523494895759bD98cD2fDBF6,0xE7F1f98334049253f295f0DC7d38Bbb9aFbC59cF,0x870aC11D48B15DB9a138Cf899d20F13F79Ba00BC,860000000000000000,2024-11-08 12:19:35.000000,2024-11-08 12:19:35.000000
0x9f4d8ba585b21520f23072010bcc8f861dff2856059d785eb5b7fb00bc7c575c,0x2260FAC5E5542a773Aa44fBCfeDf7C193bc2C599,0x23e479ddcda990E8523494895759bD98cD2fDBF6,0x3F72603328248f0459a13d72dC85cEe40f8268a7,0x870aC11D48B15DB9a138Cf899d20F13F79Ba00BC,860000000000000000,2024-11-08 16:02:47.000000,2024-11-08 16:02:47.000000
0xdbfafc67154cd42c095a8c9d6b9e26e92cd7ce1e1ddef8ce010f706e5483c94e,0x6B175474E89094C44Da98b954EedeAC495271d0F,0x4A8036EFA1307F1cA82d932C0895faa18dB0c9eE,0x38d130cEe60CDa080A3b3aC94C79c34B6Fc919A7,0x870aC11D48B15DB9a138Cf899d20F13F79Ba00BC,915000000000000000,2024-11-11 01:23:47.000000,2024-11-11 01:23:47.000000
0x3274643db77a064abd3bc851de77556a4ad2e2f502f4f0c80845fa8f909ecf0b,0xdAC17F958D2ee523a2206206994597C13D831ec7,0xa3931d71877C0E7a3148CB7Eb4463524FEc27fbD,0x0C426d174FC88B7A25d59945Ab2F7274Bf7B4C79,0x870aC11D48B15DB9a138Cf899d20F13F79Ba00BC,965000000000000000,2024-11-13 11:58:11.000000,2024-11-13 11:58:11.000000
0x6f461100bb410de265f49dbc70a6c19555bd8cdc696322951b3a11a2e7fafc39,0xA0b86991c6218b36c1d19D4a2e9Eb0cE3606eB48,0x2a8c22E3b10036f3AEF5875d04f8441d4188b656,0xAC7C15CE3B8ddb8a245d10029269BEBF540C5827,0x870aC11D48B15DB9a138Cf899d20F13F79Ba00BC,860000000000000000,2024-11-15 11:59:47.000000,2024-11-15 11:59:47.000000
0x8e39cd9ee896b76e7c7ab273743fa38699e5f01e4e8694f1ca5880b22e84f3fe,0xA0b86991c6218b36c1d19D4a2e9Eb0cE3606eB48,0x007115416AB6c266329a03B09a8aa39aC2eF7d9d,0x47C162EA5896Bd8349Bad6049Fa38BcD509dBa44,0x870aC11D48B15DB9a138Cf899d20F13F79Ba00BC,860000000000000000,2024-11-15 12:24:23.000000,2024-11-15 12:24:23.000000
0x015bffbe12c95a0fe61001440bf9e9b2040cb181f9bcfb680ee268e7cb6c7d2f,0x2260FAC5E5542a773Aa44fBCfeDf7C193bc2C599,0x007115416AB6c266329a03B09a8aa39aC2eF7d9d,0x96605c8f73328f3D6CC484BbE074c5F4c93eCF6B,0x870aC11D48B15DB9a138Cf899d20F13F79Ba00BC,915000000000000000,2024-11-15 12:32:35.000000,2024-11-15 12:32:35.000000
0xe2ef7a07bb2d2b16f5c6a47aa41afe13f44951376cc53ff2c51f31ddf84f6974,0xab5eB14c09D416F0aC63661E57EDB7AEcDb9BEfA,0x0000000000000000000000000000000000000000,0x0000000000000000000000000000000000000000,0x0000000000000000000000000000000000000000,0,2024-11-18 09:19:59.000000,2024-11-18 09:19:59.000000
0x85c7f4374f3a403b36d54cc284983b2b02bbd8581ee0f3c36494447b87d9fcab,0xA0b86991c6218b36c1d19D4a2e9Eb0cE3606eB48,0x9D39A5DE30e57443BfF2A8307A4256c8797A3497,0x873CD44b860DEDFe139f93e12A4AcCa0926Ffb87,0x870aC11D48B15DB9a138Cf899d20F13F79Ba00BC,915000000000000000,2024-11-18 12:02:11.000000,2024-11-18 12:02:11.000000
0xab0dcab71e65c05b7f241ea79a33452c87e62db387129e4abe15e458d433e4d8,0x6B175474E89094C44Da98b954EedeAC495271d0F,0x8A47b431A7D947c6a3ED6E42d501803615a97EAa,0xA8ccE51046d760291f77eC1EB98147A75730Dcd5,0x870aC11D48B15DB9a138Cf899d20F13F79Ba00BC,915000000000000000,2024-11-19 09:31:35.000000,2024-11-19 09:31:35.000000
0x6cda45ff81d05e75048db002a6836a21ba6e322579ab9af2fd0666f251a69264,0x00000000eFE302BEAA2b3e6e1b18d08D69a9012a,0x4c9EDD5852cd905f086C759E8383e09bff1E68B3,0x1325Eb089Ac14B437E78D5D481e32611F6907eF8,0x870aC11D48B15DB9a138Cf899d20F13F79Ba00BC,945000000000000000,2024-11-19 17:41:11.000000,2024-11-19 17:41:11.000000
0x328dfac3f76dc6c22e167958f8c8a5471a2f13d38876b089c7cbc18c50beb31c,0x8236a87084f8B84306f72007F36F2618A5634494,0x0000000000000000000000000000000000000000,0x0000000000000000000000000000000000000000,0x0000000000000000000000000000000000000000,0,2024-11-19 22:18:23.000000,2024-11-19 22:18:23.000000
0x3170feb9e3c0172beb9901f6035e4e005f42177c5c14e8c0538c27078864654e,0x8236a87084f8B84306f72007F36F2618A5634494,0xEc5a52C685CC3Ad79a6a347aBACe330d69e0b1eD,0x5283B67Fadc6Bb299C0DC90f97191132ace413a5,0x870aC11D48B15DB9a138Cf899d20F13F79Ba00BC,915000000000000000,2024-11-19 22:18:23.000000,2024-11-19 22:18:23.000000
0x8398104e6c0dfa0a5aacee488310c5a52ec8c68fde2d57fd5cd32e9ddf39a142,0x0000206329b97DB379d5E1Bf586BbDB969C63274,0x8eB67A509616cd6A7c1B3c8C21D48FF57df3d458,0xBDbbe1eb5A99531796C8d04787F898Ce5dBF2C8b,0x870aC11D48B15DB9a138Cf899d20F13F79Ba00BC,945000000000000000,2024-11-20 10:51:47.000000,2024-11-20 10:51:47.000000
0x0d4e6103803b66702b0aefc95d923b5583ac458dc613ba6be8404efd851636ca,0x0000206329b97DB379d5E1Bf586BbDB969C63274,0xdd0f28e19C1780eb6396170735D45153D261490d,0xb3edb92ABdc8Cf574d3447F7B8a9978B79FdAC0f,0x870aC11D48B15DB9a138Cf899d20F13F79Ba00BC,965000000000000000,2024-11-20 11:03:47.000000,2024-11-20 11:03:47.000000
0xc9098061d437a9dd53b0070cb33df6fca1a0a5ead288588c88699b0420c1c078,0xab5eB14c09D416F0aC63661E57EDB7AEcDb9BEfA,0x9D39A5DE30e57443BfF2A8307A4256c8797A3497,0x5D916980D5Ae1737a8330Bf24dF812b2911Aae25,0x870aC11D48B15DB9a138Cf899d20F13F79Ba00BC,915000000000000000,2024-11-23 04:00:59.000000,2024-11-23 04:00:59.000000
0xb7ad412532006bf876534ccae59900ddd9d1d1e394959065cb39b12b22f94ff5,0xC02aaA39b223FE8D0A0e5C4F27eAD9083C756Cc2,0xe1B4d34E8754600962Cd944B535180Bd758E6c2e,0xcb6a6fDFdb18eC9A004465aEf74ff9092FD4f89A,0x870aC11D48B15DB9a138Cf899d20F13F79Ba00BC,915000000000000000,2024-11-26 22:01:47.000000,2024-11-26 22:01:47.000000
0x3593fc5578aef832953314d7a54ded669e614ccdf2a586954e7de61d2b29a42d,0xA0b86991c6218b36c1d19D4a2e9Eb0cE3606eB48,0x7751E2F4b8ae93EF6B79d86419d42FE3295A4559,0x0A1577C7EcA50871EeCAb68E799F2EFa69F1fa96,0x870aC11D48B15DB9a138Cf899d20F13F79Ba00BC,965000000000000000,2024-11-26 22:55:11.000000,2024-11-26 22:55:11.000000
0x5242d93cc2ced1450bad362dd5f582b797a4dd693c3269c583cafad80d49e24b,0xA0b86991c6218b36c1d19D4a2e9Eb0cE3606eB48,0x8236a87084f8B84306f72007F36F2618A5634494,0x85F74F58d21E7EB0991774fE7b89b930b60cBba6,0x870aC11D48B15DB9a138Cf899d20F13F79Ba00BC,860000000000000000,2024-11-27 04:30:47.000000,2024-11-27 04:30:47.000000
0x8d177cc2597296e8ff4816be51fe2482add89de82bdfaba3118c7948a6b2bc02,0xA0b86991c6218b36c1d19D4a2e9Eb0cE3606eB48,0xb7de5dFCb74d25c2f21841fbd6230355C50d9308,0xcc62A6fad56ee6277250eabe49959002dA42191C,0x870aC11D48B15DB9a138Cf899d20F13F79Ba00BC,915000000000000000,2024-11-27 10:27:23.000000,2024-11-27 10:27:23.000000
0x12e703583b8a2a46a85d9d383b6156bbcf73db6b47a6f97c38771c56dd1bdd6c,0xA0b86991c6218b36c1d19D4a2e9Eb0cE3606eB48,0xf696FE29Ef85E892b5926313897D178288faA07e,0x3F9Df85F511eFe36a5f751017B3A117f3501C7e5,0x870aC11D48B15DB9a138Cf899d20F13F79Ba00BC,915000000000000000,2024-11-28 12:55:59.000000,2024-11-28 12:55:59.000000
0x7ad683900a4017394d76a43cd695a2756cfe96387cb0aa3f8cf3ef73135f85b3,0xC02aaA39b223FE8D0A0e5C4F27eAD9083C756Cc2,0x270B7748CdF8243bFe68FaCE7230ef0fCE695389,0xCBd0fC83C8c68A3ab0B04FB0544fE65C8AA2CDfA,0x870aC11D48B15DB9a138Cf899d20F13F79Ba00BC,945000000000000000,2024-11-29 11:29:47.000000,2024-11-29 11:29:47.000000
0x43369594ab6418d271faed215965d3d5b74a7692e0dcf656c6d5b4828c240389,0xC02aaA39b223FE8D0A0e5C4F27eAD9083C756Cc2,0xda0002859B2d05F66a753d8241fCDE8623f26F4f,0x6e0b1A5D35a191edE6DdD7Cf888E87A147F2741e,0x870aC11D48B15DB9a138Cf899d20F13F79Ba00BC,945000000000000000,2024-11-29 11:31:35.000000,2024-11-29 11:31:35.000000
0x4a837d0c26ea6c49d3bd4c4b5cbcd400357e6bf1872cc969a72e08ea2beb39b3,0xf939E0A03FB07F59A73314E73794Be0E57ac1b4E,0x0655977FEb2f289A4aB78af67BAB0d17aAb84367,0x04448c2f45341B15c1E5C8cDB8BC4E29187809aC,0x870aC11D48B15DB9a138Cf899d20F13F79Ba00BC,980000000000000000,2024-11-29 15:49:47.000000,2024-11-29 15:49:47.000000
0xd8cb3574ec8bc5b4dcec68f87dd3a57c4ed73b0f2dc712da212f8198eb93dc1f,0xA0b86991c6218b36c1d19D4a2e9Eb0cE3606eB48,0xEe9085fC268F6727d5D4293dBABccF901ffDCC29,0xB35B25ADC53157f4b76a0eECc94EfE915A0AA968,0x870aC11D48B15DB9a138Cf899d20F13F79Ba00BC,915000000000000000,2024-12-01 13:20:23.000000,2024-12-01 13:20:23.000000
0xc3250fa72657f5d956a55fd7febf5bf953c18aa04bff2e4088415b1e5c2923b0,0xC02aaA39b223FE8D0A0e5C4F27eAD9083C756Cc2,0xE08C45F3cfE70f4e03668Dc6E84Af842bEE95A68,0x7b27e8a778818e6767A93381e397EaCe3B8f80a2,0x870aC11D48B15DB9a138Cf899d20F13F79Ba00BC,915000000000000000,2024-12-04 00:42:47.000000,2024-12-04 00:42:47.000000
0x1b5257c55110508ed23579933f89e8e77c18c1f0c26d144d8c2b15305d095410,0xC02aaA39b223FE8D0A0e5C4F27eAD9083C756Cc2,0x6E43F6abce001c14C7115d20908d0c272338eAf1,0xB2Afff6b538b4A182C3626A6F54d99F9b3B7c623,0x870aC11D48B15DB9a138Cf899d20F13F79Ba00BC,915000000000000000,2024-12-05 00:52:11.000000,2024-12-05 00:52:11.000000
0x1260f0313a8fdf0fc1792aa8fc2545c30227e553a23b087e5abe9bd91caf39a9,0xC02aaA39b223FE8D0A0e5C4F27eAD9083C756Cc2,0x6E43F6abce001c14C7115d20908d0c272338eAf1,0x9d03b8a9a3E911b205Ef5E9d0A25Cc15Fda6432c,0x870aC11D48B15DB9a138Cf899d20F13F79Ba00BC,915000000000000000,2024-12-05 01:38:35.000000,2024-12-05 01:38:35.000000
0x9507d68c9c8663bd134680005cc0b3d8a891fa95db1905268933ac6bbc1d1feb,0xC02aaA39b223FE8D0A0e5C4F27eAD9083C756Cc2,0x270B7748CdF8243bFe68FaCE7230ef0fCE695389,0xB20802c1f9483499e43d1199200A5fAB9E7ce0e0,0x870aC11D48B15DB9a138Cf899d20F13F79Ba00BC,860000000000000000,2024-12-05 10:28:11.000000,2024-12-05 10:28:11.000000
0x8d18658cd2688b702222c11467133c1c2237bd058ba2467e47bc360067ebe038,0x7751E2F4b8ae93EF6B79d86419d42FE3295A4559,0xcbB7C0000aB88B473b1f5aFd9ef808440eed33Bf,0x72EeFF006E96C20aA00e72aC552f35EB9eE836bB,0x870aC11D48B15DB9a138Cf899d20F13F79Ba00BC,860000000000000000,2024-12-05 20:25:35.000000,2024-12-05 20:25:35.000000
0x1a9ccaca2dba9469cd9cba3d077466761b05f465c412d2bf2c71614c4963dd84,0xA0b86991c6218b36c1d19D4a2e9Eb0cE3606eB48,0x14d60E7FDC0D71d8611742720E4C50E7a974020c,0x68066D2891254F1F3285Cac0bB16B65B28EE3cAb,0x870aC11D48B15DB9a138Cf899d20F13F79Ba00BC,915000000000000000,2024-12-09 21:59:35.000000,2024-12-09 21:59:35.000000
